ts_code,trade_date,close,turnover_rate,volume_ratio,pe,pe_ttm,pb,total_mv,circ_mv
000050.SZ,20260515,7.47,1.4622,1.4,109.6895,,0.6784,1835937.5028,1835923.2164
000050.SZ,20260514,7.72,1.1092,1.05,113.3605,,0.7011,1897381.1943,1897357.8606
000050.SZ,20260513,7.83,1.1077,1.0,114.9757,,0.7111,1924416.4186,1924392.7524
000050.SZ,20260512,7.68,1.0102,0.77,112.7731,,0.6975,1887550.2036,1887526.9908
000050.SZ,20260511,7.83,1.029,0.82,114.9757,,0.7111,1924416.4186,1924392.7524
000050.SZ,20260508,7.77,0.9702,0.79,114.0947,,0.7056,1909669.9326,1909646.4478
000050.SZ,20260507,7.71,1.1532,1.01,113.2136,,0.7002,1894923.4466,1894900.1432
000050.SZ,20260506,7.6,1.3563,1.32,111.5984,,0.6902,1867888.2224,1867865.2514
000050.SZ,20260430,7.62,2.0862,2.7,111.8921,,0.692,1872803.7177,1872780.6862
000050.SZ,20260429,8.18,0.7372,0.94,120.1151,120.1151,0.7378,2010437.5867,2010412.8626
000050.SZ,20260428,8.14,0.8306,1.07,119.5277,119.5277,0.7342,2000606.5961,2000581.9929
000050.SZ,20260427,8.36,0.7199,0.86,122.7582,122.7582,0.7541,2054677.0446,2054651.7765
000050.SZ,20260424,8.18,0.7543,0.91,120.1151,120.1151,0.7378,2010437.5867,2010412.8626
000050.SZ,20260423,8.32,0.8209,1.02,122.1709,122.1709,0.7505,2044846.054,2044820.9068
000050.SZ,20260422,8.5,0.7834,0.99,124.814,124.814,0.7667,2089085.5119,2089059.8206
000050.SZ,20260421,8.37,0.8055,1.05,122.9051,122.9051,0.755,2057134.7923,2057109.4939
000050.SZ,20260420,8.42,1.0021,1.44,123.6393,123.6393,0.7595,2069423.5306,2069398.0811
000050.SZ,20260417,8.34,0.7409,1.01,122.4645,122.4645,0.7523,2049761.5493,2049736.3416
000050.SZ,20260416,8.29,0.6957,0.91,121.7303,121.7303,0.7478,2037472.811,2037447.7544
000050.SZ,20260415,8.25,0.7085,0.81,121.143,121.143,0.7442,2027641.8203,2027616.8847
000050.SZ,20260414,8.29,0.6923,0.81,121.7303,121.7303,0.7478,2037472.811,2037447.7544
000050.SZ,20260413,8.29,0.6338,0.75,121.7303,121.7303,0.7478,2037472.811,2037447.7544
000050.SZ,20260410,8.3,0.9434,1.16,121.8772,121.8772,0.7487,2039930.5586,2039905.4719
000050.SZ,20260409,8.2,0.8408,1.03,120.4088,120.4088,0.7397,2015353.082,2015328.2975
000050.SZ,20260408,8.25,1.2373,1.66,121.143,121.143,0.7442,2027641.8203,2027616.8847
000050.SZ,20260407,7.9,0.6235,0.78,116.0036,116.0036,0.7126,1941620.6522,1941596.7744
000050.SZ,20260403,7.79,0.5895,0.71,114.3883,114.3883,0.7027,1914585.4279,1914561.8826
000050.SZ,20260402,7.89,0.7905,0.96,115.8567,115.8567,0.7117,1939162.9045,1939139.057
000050.SZ,20260401,8.04,0.8555,1.03,118.0593,118.0593,0.7252,1976029.1194,1976004.8185
000050.SZ,20260331,7.91,0.8722,1.0,116.1504,116.1504,0.7135,1944078.3999,1944054.4919
000050.SZ,20260330,8.07,0.9027,0.83,118.4999,118.4999,0.7279,1983402.3624,1983377.9709
000050.SZ,20260327,8.03,0.7228,0.61,117.9125,117.9125,0.7243,1973571.3718,1973547.1011
000050.SZ,20260326,7.96,0.7431,0.58,116.8846,116.8846,0.718,1956367.1382,1956343.0791
000050.SZ,20260325,8.04,0.9197,0.69,118.0593,118.0593,0.7252,1976029.1194,1976004.8185
000050.SZ,20260324,7.95,1.0874,0.75,116.7378,116.7378,0.7171,1953909.3905,1953885.3616
000050.SZ,20260323,7.8,1.9676,1.28,114.5352,114.5352,0.7036,1917043.1756,1917019.6001
000050.SZ,20260320,8.38,1.2554,0.84,123.0519,123.0519,0.7559,2059592.5399,2059567.2114
000050.SZ,20260319,8.62,1.2197,0.84,126.5761,126.5761,0.7775,2118578.4838,2118552.4298
000050.SZ,20260318,8.81,1.1681,0.81,129.366,129.366,0.7947,2165275.6893,2165249.0611
000050.SZ,20260317,8.74,1.64,1.23,128.3381,128.3381,0.7884,2148071.4557,2148045.0391
000050.SZ,20260316,9.0,2.4206,2.0,132.156,132.156,0.8118,2211972.8949,2211945.6924
000050.SZ,20260313,9.39,1.0075,0.75,,196.9802,0.8391,2307825.0537,2307795.9682
000050.SZ,20260312,9.55,1.0482,0.68,,200.3366,0.8534,2347149.0163,2347119.4351
000050.SZ,20260311,9.45,1.0513,0.67,,198.2389,0.8445,2322571.5396,2322542.2683
000050.SZ,20260310,9.39,1.118,0.66,,196.9802,0.8391,2307825.0537,2307795.9682
000050.SZ,20260309,9.23,1.8336,1.13,,193.6238,0.8248,2268501.0911,2268472.5012
000050.SZ,20260306,9.39,1.6502,1.11,,196.9802,0.8391,2307825.0537,2307795.9682
000050.SZ,20260305,9.7,2.0217,1.55,,203.4833,0.8668,2384015.2312,2383985.1854
000050.SZ,20260304,9.2,1.2124,0.93,,192.9945,0.8221,2261127.8481,2261099.3511
000050.SZ,20260303,9.39,1.7469,1.48,,196.9802,0.8391,2307825.0537,2307795.9682
000050.SZ,20260302,9.94,1.4679,1.32,,208.5179,0.8883,2443001.175,2442970.3859
000050.SZ,20260227,10.15,0.9984,0.92,,212.9232,0.907,2494613.8759,2494582.4363
000050.SZ,20260226,10.07,1.085,1.04,,211.245,0.8999,2474951.8946,2474920.7028
000050.SZ,20260225,9.99,1.2437,1.25,,209.5668,0.8927,2455289.9133,2455258.9693
000050.SZ,20260224,9.78,1.118,0.99,,205.1615,0.874,2403677.2125,2403646.9189
000050.SZ,20260213,9.65,1.1065,0.96,,202.4344,0.8624,2371726.4929,2371696.602
000050.SZ,20260212,9.7,0.8461,0.7,,203.4833,0.8668,2384015.2312,2383985.1854
000050.SZ,20260211,9.68,0.8885,0.67,,203.0637,0.865,2379099.7358,2379069.752
000050.SZ,20260210,9.7,1.0002,0.68,,203.4833,0.8668,2384015.2312,2383985.1854
000050.SZ,20260209,9.67,1.8316,1.14,,202.854,0.8641,2376641.9882,2376612.0354
000050.SZ,20260206,9.33,1.1713,0.61,,195.7216,0.8338,2293078.5677,2293049.668
000050.SZ,20260205,9.33,1.1872,0.57,,195.7216,0.8338,2293078.5677,2293049.668
000050.SZ,20260204,9.45,1.4198,0.69,,198.2389,0.8445,2322571.5396,2322542.2683
000050.SZ,20260203,9.3,1.7511,0.86,,195.0922,0.8311,2285705.3247,2285676.518
000050.SZ,20260202,9.11,2.5035,1.32,,191.1065,0.8141,2239008.1192,2238979.9009
000050.SZ,20260130,9.7,2.802,1.55,,203.4833,0.8668,2384015.2312,2383985.1854
000050.SZ,20260129,10.12,1.9124,1.13,,212.2939,0.9044,2487240.6329,2487209.2862
000050.SZ,20260128,10.32,1.3059,0.73,,216.4894,0.9222,2536395.5862,2536363.62
000050.SZ,20260127,10.44,1.6814,0.94,,219.0068,0.933,2565888.5581,2565856.2202
000050.SZ,20260126,10.31,1.7852,1.0,,216.2797,0.9213,2533937.8385,2533905.9033
000050.SZ,20260123,10.51,2.3266,1.34,,220.4752,0.9392,2583092.7917,2583060.237
000050.SZ,20260122,10.26,1.3644,0.71,,215.2308,0.9169,2521649.1002,2521617.3198
000050.SZ,20260121,10.2,1.8047,0.8,,213.9721,0.9115,2506902.6142,2506871.0197
000050.SZ,20260120,10.07,1.6678,0.67,,211.245,0.8999,2474951.8946,2474920.7028
000050.SZ,20260119,10.19,1.7571,0.56,,213.7623,0.9106,2504444.8666,2504413.303
000050.SZ,20260116,10.11,2.1177,0.54,,212.0841,0.9035,2484782.8853,2484751.5695
000050.SZ,20260115,10.27,2.2541,0.57,,215.4406,0.9178,2524106.8478,2524075.0365
000050.SZ,20260114,10.14,3.4432,0.98,,212.7135,0.9061,2492156.1283,2492124.7196
000050.SZ,20260113,9.96,2.8967,0.87,,208.9375,0.8901,2447916.6704,2447885.8193
000050.SZ,20260112,10.33,4.8565,1.88,,216.6992,0.9231,2538853.3338,2538821.3366
000050.SZ,20260109,10.25,6.1008,3.71,,215.021,0.916,2519191.3525,2519159.6032
000050.SZ,20260108,9.57,2.4027,1.83,,200.7562,0.8552,2352064.5116,2352034.8685
000050.SZ,20260107,9.29,1.2964,1.05,,194.8824,0.8302,2283247.5771,2283218.8013
000050.SZ,20260106,9.46,2.0235,2.08,,198.4486,0.8454,2325029.2873,2324999.985
000050.SZ,20260105,9.1,1.0639,1.15,,190.8967,0.8132,2236550.3715,2236522.1843
000050.SZ,20251231,9.03,1.4422,1.63,,189.4283,0.807,2219346.1379,2219318.1675
000050.SZ,20251230,8.87,0.7237,0.77,,186.0718,0.7927,2180022.1753,2179994.7005
000050.SZ,20251229,8.89,0.9156,0.95,,186.4914,0.7944,2184937.6706,2184910.1339
000050.SZ,20251226,8.88,0.7207,0.76,,186.2816,0.7935,2182479.923,2182452.4172
000050.SZ,20251225,8.88,0.8081,0.87,,186.2816,0.7935,2182479.923,2182452.4172
000050.SZ,20251224,8.99,1.2611,1.5,,188.5891,0.8034,2209515.1472,2209487.3007
000050.SZ,20251223,8.73,0.9719,1.26,,183.135,0.7801,2145613.7081,2145586.6669
000050.SZ,20251222,8.79,1.0538,1.56,,184.3936,0.7855,2160360.194,2160332.967
000050.SZ,20251219,8.9,0.6185,0.86,,186.7012,0.7953,2187395.4183,2187367.8505
000050.SZ,20251218,8.84,0.7222,1.02,,185.4425,0.79,2172648.9323,2172621.5504
000050.SZ,20251217,8.96,0.8296,1.22,,187.9598,0.8007,2202141.9043,2202114.1507
000050.SZ,20251216,8.8,0.6436,0.89,,184.6034,0.7864,2162817.9417,2162790.6837
000050.SZ,20251215,8.86,0.5597,0.63,,185.8621,0.7918,2177564.4276,2177536.9838
000050.SZ,20251212,8.91,0.8216,0.87,,186.9109,0.7962,2189853.166,2189825.5672
000050.SZ,20251211,8.88,0.6844,0.7,,186.2816,0.7935,2182479.923,2182452.4172
000050.SZ,20251210,9.05,0.6835,0.65,,189.8478,0.8087,2224261.6332,2224233.6008
000050.SZ,20251209,9.08,0.8775,0.85,,190.4771,0.8114,2231634.8762,2231606.7509
000050.SZ,20251208,9.23,1.3699,1.46,,193.6238,0.8248,2268501.0911,2268472.5012
000050.SZ,20251205,9.29,1.0818,1.29,,194.8824,0.8302,2283247.5771,2283218.8013
000050.SZ,20251204,9.11,0.8833,1.18,,191.1065,0.8141,2239008.1192,2238979.9009
000050.SZ,20251203,9.19,1.0631,1.6,,192.7847,0.8213,2258670.1005,2258641.6344
000050.SZ,20251202,9.18,0.7351,1.08,,192.5749,0.8204,2256212.3528,2256183.9177
000050.SZ,20251201,9.3,0.9398,1.5,,195.0922,0.8311,2285705.3247,2285676.518
000050.SZ,20251128,9.04,0.5738,0.8,,189.638,0.8078,2221803.8855,2221775.8841
000050.SZ,20251127,8.88,0.439,0.58,,186.2816,0.7935,2182479.923,2182452.4172
000050.SZ,20251126,8.87,0.6397,0.81,,186.0718,0.7927,2180022.1753,2179994.7005
000050.SZ,20251125,8.96,0.8002,1.05,,187.9598,0.8007,2202141.9043,2202114.1507
000050.SZ,20251124,8.76,0.6774,0.89,,183.7643,0.7828,2152986.951,2152959.8169
000050.SZ,20251121,8.66,1.0264,1.5,,181.6665,0.7739,2128409.4744,2128382.6501
000050.SZ,20251120,9.04,0.6113,0.88,,189.638,0.8078,2221803.8855,2221775.8841
000050.SZ,20251119,9.07,0.8238,1.15,,190.2674,0.8105,2229177.1285,2229149.0342
000050.SZ,20251118,9.28,0.6644,0.93,,194.6727,0.8293,2280789.8294,2280761.0846
000050.SZ,20251117,9.39,0.6748,0.92,,196.9802,0.8391,2307825.0537,2307795.9682
000050.SZ,20251114,9.52,0.6393,0.85,,199.7073,0.8507,2339775.7733,2339746.2851
000050.SZ,20251113,9.58,0.6723,0.76,,200.966,0.8561,2354522.2592,2354492.5852
000050.SZ,20251112,9.56,0.9157,0.94,,200.5464,0.8543,2349606.7639,2349577.1518
000050.SZ,20251111,9.75,0.6617,0.55,,204.5322,0.8713,2396303.9695,2396273.7689
000050.SZ,20251110,9.75,0.7953,0.57,,204.5322,0.8713,2396303.9695,2396273.7689
000050.SZ,20251107,9.81,0.7318,0.46,,205.7908,0.8767,2411050.4554,2411020.069
000050.SZ,20251106,9.87,1.3216,0.91,,207.0495,0.882,2425796.9414,2425766.3691
000050.SZ,20251105,9.99,1.3864,1.06,,209.5668,0.8927,2455289.9133,2455258.9693
000050.SZ,20251104,10.06,1.7953,1.67,,211.0352,0.899,2472494.147,2472462.9861
000050.SZ,20251103,9.91,1.7231,1.92,,207.8886,0.8856,2435627.9321,2435597.2358
000050.SZ,20251031,9.71,1.6914,2.34,,203.6931,0.8677,2386472.9788,2386442.9021
000050.SZ,20251030,9.48,0.6918,0.82,,872.2451,0.847,2329944.7826,2329915.4183
000050.SZ,20251029,9.55,0.6149,0.72,,878.6857,0.8532,2347149.0163,2347119.4351
000050.SZ,20251028,9.55,0.645,0.73,,878.6857,0.8532,2347149.0163,2347119.4351
000050.SZ,20251027,9.58,0.8375,0.96,,881.446,0.8559,2354522.2592,2354492.5852
000050.SZ,20251024,9.49,0.8268,0.88,,873.1652,0.8479,2332402.5303,2332373.135
000050.SZ,20251023,9.53,1.3106,1.36,,876.8455,0.8514,2342233.5209,2342204.0018
000050.SZ,20251022,9.34,0.6245,0.61,,859.3638,0.8345,2295536.3154,2295507.3847
000050.SZ,20251021,9.3,0.8068,0.68,,855.6835,0.8309,2285705.3247,2285676.518
000050.SZ,20251020,9.16,0.8052,0.61,,842.8022,0.8184,2251296.8575,2251268.4844
000050.SZ,20251017,9.07,1.1637,0.88,,834.5214,0.8103,2229177.1285,2229149.0342
000050.SZ,20251016,9.48,1.4293,1.09,,872.2451,0.847,2329944.7826,2329915.4183
000050.SZ,20251015,9.42,0.9118,0.7,,866.7246,0.8416,2315198.2967,2315169.1182
000050.SZ,20251014,9.41,1.5864,1.32,,865.8045,0.8407,2312740.549,2312711.4015
000050.SZ,20251013,9.73,1.5438,1.33,,895.2473,0.8693,2391388.4742,2391358.3355
000050.SZ,20251010,9.95,1.1636,0.88,,915.4893,0.889,2445458.9227,2445428.1026
000050.SZ,20251009,10.1,1.3563,1.04,,929.2907,0.9024,2482325.1376,2482293.8529
000050.SZ,20250930,9.92,0.8699,0.59,,912.729,0.8863,2438085.6797,2438054.9525
000050.SZ,20250929,9.99,1.0576,0.64,,919.1697,0.8925,2455289.9133,2455258.9693
000050.SZ,20250926,9.94,1.3443,0.78,,914.5692,0.8881,2443001.175,2442970.3859
000050.SZ,20250925,10.23,1.9751,1.27,,941.2518,0.914,2514275.8572,2514244.1698
000050.SZ,20250924,10.01,1.2865,0.87,,921.0098,0.8943,2460205.4087,2460174.4027
000050.SZ,20250923,10.01,1.7143,1.35,,921.0098,0.8943,2460205.4087,2460174.4027
000050.SZ,20250922,10.12,1.9358,1.85,,931.1308,0.9041,2487240.6329,2487209.2862
000050.SZ,20250919,9.9,1.6884,1.88,,910.8889,0.8845,2433170.1844,2433139.5191
000050.SZ,20250918,9.69,1.1302,1.17,,891.567,0.8657,2381557.4835,2381527.4687
000050.SZ,20250917,9.81,0.9156,0.92,,902.6081,0.8764,2411050.4554,2411020.069
000050.SZ,20250916,9.74,0.6848,0.6,,896.1674,0.8702,2393846.2218,2393816.0522
000050.SZ,20250915,9.67,0.8106,0.65,,889.7268,0.8639,2376641.9882,2376612.0354
000050.SZ,20250912,9.75,0.956,0.67,,897.0875,0.8711,2396303.9695,2396273.7689
000050.SZ,20250911,9.77,1.4704,0.98,,898.9277,0.8729,2401219.4648,2401189.2022
000050.SZ,20250910,9.41,1.0311,0.6,,865.8045,0.8407,2312740.549,2312711.4015
000050.SZ,20250909,9.48,1.4254,0.78,,872.2451,0.847,2329944.7826,2329915.4183
000050.SZ,20250908,9.78,1.3858,0.71,,899.8478,0.8738,2403677.2125,2403646.9189
000050.SZ,20250905,9.98,1.8666,0.93,,918.2496,0.8916,2452832.1657,2452801.2526
000050.SZ,20250904,9.57,1.8283,0.85,,880.5259,0.855,2352064.5116,2352034.8685
000050.SZ,20250903,9.79,2.0707,0.94,,900.7679,0.8747,2406134.9601,2406104.6356
000050.SZ,20250902,9.82,2.0006,0.94,,903.5281,0.8773,2413508.2031,2413477.7857
000050.SZ,20250901,10.06,1.9705,0.95,,925.6103,0.8988,2472494.147,2472462.9861
000050.SZ,20250829,10.19,2.1485,1.14,,937.5715,0.9104,2504444.8666,2504413.303
000050.SZ,20250828,10.28,2.5745,1.66,,945.8523,0.9184,2526564.5955,2526532.7532
000050.SZ,20250827,9.9,2.3533,1.72,,910.8889,0.8845,2433170.1844,2433139.5191
000050.SZ,20250826,10.02,1.6365,1.33,,921.9299,0.8952,2462663.1563,2462632.1194
000050.SZ,20250825,9.8,1.6445,1.49,,901.688,0.8755,2408592.7078,2408562.3523
000050.SZ,20250822,9.88,1.2436,1.14,,,0.887,2428254.6891,2428226.0124
000050.SZ,20250821,9.69,0.8906,0.83,,,0.8699,2381557.4835,2381529.3583
000050.SZ,20250820,9.77,1.4234,1.54,,,0.8771,2401219.4648,2401191.1074
000050.SZ,20250819,9.5,0.9339,1.01,,,0.8529,2334860.278,2334832.7042
000050.SZ,20250818,9.55,1.0262,1.05,,,0.8574,2347149.0163,2347121.2974
000050.SZ,20250815,9.51,1.1574,1.39,,,0.8538,2337318.0256,2337290.4228
000050.SZ,20250814,9.51,0.8497,1.09,,,0.8538,2337318.0256,2337290.4228
000050.SZ,20250813,9.68,0.6594,0.85,,,0.869,2379099.7358,2379071.6396
000050.SZ,20250812,9.74,0.944,1.3,,,0.8744,2393846.2218,2393817.9515
000050.SZ,20250811,9.73,1.2611,2.07,,,0.8735,2391388.4742,2391360.2328
000050.SZ,20250808,9.38,0.4343,0.64,,,0.8421,2305367.306,2305340.0806
000050.SZ,20250807,9.44,0.6123,0.85,,,0.8475,2320113.792,2320086.3924
000050.SZ,20250806,9.48,0.6191,0.83,,,0.8511,2329944.7826,2329917.2669
000050.SZ,20250805,9.44,0.6948,0.93,,,0.8475,2320113.792,2320086.3924
000050.SZ,20250804,9.29,0.6882,0.94,,,0.834,2283247.5771,2283220.6128
000050.SZ,20250801,9.24,0.7761,1.15,,,0.8295,2270958.8388,2270932.0197
000050.SZ,20250731,9.23,0.8173,1.31,,,0.8286,2268501.0911,2268474.301
000050.SZ,20250730,9.41,0.7378,1.17,,,0.8448,2312740.549,2312713.2365
000050.SZ,20250729,9.38,0.7162,1.21,,,0.8421,2305367.306,2305340.0806
000050.SZ,20250728,9.24,0.6037,1.02,,,0.8295,2270958.8388,2270932.0197
000050.SZ,20250725,9.15,0.5011,0.83,,,0.8215,2248839.1098,2248812.5519
000050.SZ,20250724,9.15,0.5703,0.9,,,0.8215,2248839.1098,2248812.5519
000050.SZ,20250723,9.07,0.7532,1.18,,,0.8143,2229177.1285,2229150.8029
000050.SZ,20250722,9.05,0.5425,0.73,,,0.8125,2224261.6332,2224235.3656
000050.SZ,20250721,9.06,0.5823,0.8,,,0.8134,2226719.3809,2226693.0842
000050.SZ,20250718,9.07,0.5754,0.78,,,0.8143,2229177.1285,2229150.8029
000050.SZ,20250717,9.08,0.7093,0.98,,,0.8152,2231634.8762,2231608.5215
000050.SZ,20250716,8.91,0.7921,1.17,,,0.7999,2189853.166,2189827.3047
000050.SZ,20250715,8.88,1.0521,1.81,,,0.7972,2182479.923,2182454.1488
000050.SZ,20250714,8.74,0.5128,0.91,,,0.7846,2148071.4557,2148046.0879
000050.SZ,20250711,8.69,0.6251,1.13,,,0.7802,2135782.7174,2135757.4947
000050.SZ,20250710,8.7,0.6492,1.12,,,0.7811,2138240.4651,2138215.2133
000050.SZ,20250709,8.6,0.5418,0.88,,,0.7721,2113662.9885,2113638.027
000050.SZ,20250708,8.61,0.5784,0.88,,,0.773,2116120.7361,2116095.7456
000050.SZ,20250707,8.49,0.4228,0.5,,,0.7622,2086627.7642,2086603.122
000050.SZ,20250704,8.48,0.5692,0.6,,,0.7613,2084170.0165,2084145.4033
000050.SZ,20250703,8.62,0.7825,0.89,,,0.7739,2118578.4838,2118553.4642
000050.SZ,20250702,8.47,0.7409,0.84,,,0.7604,2081712.2689,2081687.6847
000050.SZ,20250701,8.47,0.7542,0.9,,,0.7604,2081712.2689,2081687.6847
000050.SZ,20250630,8.52,1.3989,2.08,,,0.7649,2094001.0072,2093976.2779
000050.SZ,20250627,8.48,1.0711,1.94,,,0.7613,2084170.0165,2084145.4033
000050.SZ,20250626,8.29,0.4524,0.85,,,0.7442,2037472.811,2037448.7492
000050.SZ,20250625,8.34,0.7284,1.51,,,0.7487,2049761.5493,2049737.3424
000050.SZ,20250624,8.3,0.5561,1.19,,,0.7451,2039930.5586,2039906.4679
000050.SZ,20250623,8.13,0.559,1.23,,,0.7299,1998148.8484,1998125.2511
000050.SZ,20250620,7.94,0.4618,0.96,,,0.7128,1951451.6428,1951428.597
000050.SZ,20250619,8.03,0.3709,0.74,,,0.7209,1973571.3718,1973548.0647
000050.SZ,20250618,8.04,0.4701,0.92,,,0.7218,1976029.1194,1976005.7833
000050.SZ,20250617,7.95,0.4673,0.89,,,0.7137,1953909.3905,1953886.3156
000050.SZ,20250616,8.02,0.5073,0.99,,,0.72,1971113.6241,1971090.3461
000050.SZ,20250613,7.91,0.5792,1.24,,,0.7101,1944078.3999,1944055.4411
000050.SZ,20250612,8.07,0.4983,1.05,,,0.7245,1983402.3624,1983378.9393
000050.SZ,20250611,8.14,0.4905,1.07,,,0.7308,2000606.5961,2000582.9697
000050.SZ,20250610,8.1,0.5522,1.21,,,0.7272,1990775.6054,1990752.0952
000050.SZ,20250609,8.27,0.4429,0.99,,,0.7425,2032557.3156,2032533.312
000050.SZ,20250606,8.25,0.3528,0.75,,,0.7407,2027641.8203,2027617.8747
000050.SZ,20250605,8.3,0.5268,1.19,,,0.7451,2039930.5586,2039906.4679
000050.SZ,20250604,8.21,0.4096,0.94,,,0.7371,2017810.8297,2017787.0002
000050.SZ,20250603,8.25,0.5514,1.33,,,0.7407,2027641.8203,2027617.8747
000050.SZ,20250530,8.22,0.3993,0.97,,,0.738,2020268.5773,2020244.7188
000050.SZ,20250529,8.37,0.4575,1.23,,,0.7514,2057134.7923,2057110.4983
000050.SZ,20250528,8.26,0.4019,1.16,,,0.7416,2030099.568,2030075.5933
000050.SZ,20250527,8.33,0.3624,1.03,,,0.7478,2047303.8016,2047279.6238
000050.SZ,20250526,8.37,0.4579,1.29,,,0.7514,2057134.7923,2057110.4983
000050.SZ,20250523,8.25,0.3703,1.03,,,0.7407,2027641.8203,2027617.8747
000050.SZ,20250522,8.31,0.2724,0.72,,,0.746,2042388.3063,2042364.1865
000050.SZ,20250521,8.39,0.2694,0.64,,,0.7532,2062050.2876,2062025.9356
000050.SZ,20250520,8.43,0.3905,0.87,,,0.7568,2071881.2782,2071856.8101
000050.SZ,20250519,8.42,0.4787,1.05,,,0.7559,2069423.5306,2069399.0915
000050.SZ,20250516,8.27,0.3854,0.83,,,0.7425,2032557.3156,2032533.312
000050.SZ,20250515,8.31,0.3736,0.78,,,0.746,2042388.3063,2042364.1865
000050.SZ,20250514,8.41,0.4847,0.98,,,0.755,2066965.7829,2066941.3729
000050.SZ,20250513,8.4,0.5135,0.97,,,0.7541,2064508.0352,2064483.6542
000050.SZ,20250512,8.39,0.522,1.0,,,0.7532,2062050.2876,2062025.9356
000050.SZ,20250509,8.24,0.4272,0.82,,,0.7398,2025184.0727,2025160.1561
000050.SZ,20250508,8.21,0.4403,0.85,,,0.7371,2017810.8297,2017787.0002
000050.SZ,20250507,8.18,0.5623,1.15,,,0.7344,2010437.5867,2010413.8442
000050.SZ,20250506,8.11,0.6861,1.52,,,0.7281,1993233.3531,1993209.8138
000050.SZ,20250430,7.98,0.4899,0.92,,,0.7164,1961282.6335,1961259.4715
000050.SZ,20250429,7.94,0.4138,0.56,,,0.7128,1951451.6428,1951428.597
000050.SZ,20250428,7.87,0.4465,0.61,,,0.7065,1934247.4092,1934224.5665
000050.SZ,20250425,7.9,0.4171,0.57,,,0.7092,1941620.6522,1941597.7224
000050.SZ,20250424,7.85,0.4887,0.65,,,0.7047,1929331.9139,1929309.1293
000050.SZ,20250423,7.93,0.8943,1.36,,,0.7119,1948993.8952,1948970.8783
000050.SZ,20250422,7.86,1.4424,3.12,,,0.7056,1931789.6615,1931766.8479
000050.SZ,20250421,7.48,0.4464,0.86,,,0.6746,1838395.2504,1838373.5397
000050.SZ,20250418,7.37,0.3587,0.62,,,0.6647,1811360.0262,1811338.6347
000050.SZ,20250417,7.34,0.6004,0.95,,,0.662,1803986.7832,1803965.4788
000050.SZ,20250416,7.25,0.4488,0.58,,,0.6539,1781867.0542,1781846.0111
000050.SZ,20250415,7.33,0.4583,0.48,,,0.6611,1801529.0355,1801508.09
000050.SZ,20250414,7.4,0.7151,0.75,,,0.6674,1818733.2691,1818712.1236
000050.SZ,20250411,7.3,0.6801,0.75,,,0.6584,1794155.7925,1794134.9328
000050.SZ,20250410,7.3,0.8607,1.09,,,0.6584,1794155.7925,1794134.9328
000050.SZ,20250409,7.16,1.1817,1.84,,,0.6457,1759747.3253,1759726.8656
000050.SZ,20250408,7.08,1.354,2.79,,,0.6385,1740085.344,1740065.1129
000050.SZ,20250407,7.34,0.7173,1.73,,,0.662,1803986.7832,1803965.8091
000050.SZ,20250403,8.15,0.3976,0.94,,,0.735,2003064.3437,2003041.0551
000050.SZ,20250402,8.22,0.3046,0.71,,,0.7413,2020268.5773,2020245.0887
000050.SZ,20250401,8.25,0.4354,0.97,,,0.7441,2027641.8203,2027618.246
000050.SZ,20250331,8.19,0.5732,1.25,,,0.7386,2012895.3344,2012871.9314
000050.SZ,20250328,8.31,0.3565,0.68,,,0.7495,2042388.3063,2042364.5605
000050.SZ,20250327,8.41,0.4357,0.78,,,0.7585,2066965.7829,2066941.7513
000050.SZ,20250326,8.44,0.3317,0.54,,,0.7612,2074339.0259,2074314.9086
000050.SZ,20250325,8.43,0.5376,0.79,,,0.7603,2071881.2782,2071857.1895
000050.SZ,20250324,8.43,0.6291,0.9,,,0.7603,2071881.2782,2071857.1895
000050.SZ,20250321,8.55,0.6993,0.94,,,0.7711,2101374.2502,2101349.8185
000050.SZ,20250320,8.74,0.5902,0.71,,,0.7882,2148071.4557,2148046.4812
000050.SZ,20250319,8.73,0.6429,0.74,,,0.7873,2145613.7081,2145588.7621
000050.SZ,20250318,8.81,0.833,0.98,,,0.7946,2165275.6893,2165250.5148
000050.SZ,20250317,8.69,0.745,0.85,,,0.7837,2135782.7174,2135757.8857
000050.SZ,20250314,8.65,0.8927,1.04,,,0.7739,2125951.7268,2125927.0094
000050.SZ,20250313,8.48,1.0335,1.29,,,0.7586,2084170.0165,2084145.7849
000050.SZ,20250312,8.64,0.844,1.09,,,0.773,2123493.9791,2123469.2903
000050.SZ,20250311,8.73,0.7557,1.02,,,0.781,2145613.7081,2145588.7621
000050.SZ,20250310,8.82,0.8722,1.22,,,0.7891,2167733.437,2167708.2339
000050.SZ,20250307,8.99,0.7748,1.1,,,0.8043,2209515.1472,2209489.4583
000050.SZ,20250306,9.11,0.7695,1.09,,,0.815,2239008.1192,2238982.0873
000050.SZ,20250305,8.92,0.6988,1.0,,,0.798,2192310.9136,2192285.4247
000050.SZ,20250304,8.96,0.5804,0.78,,,0.8016,2202141.9043,2202116.3011
000050.SZ,20250303,8.88,0.7535,1.0,,,0.7944,2182479.923,2182454.5484
000050.SZ,20250228,8.72,0.7111,0.88,,,0.7801,2143155.9604,2143131.043
000050.SZ,20250227,9.07,0.7919,0.99,,,0.8114,2229177.1285,2229151.211
000050.SZ,20250226,9.24,0.6512,0.83,,,0.8266,2270958.8388,2270932.4355
000050.SZ,20250225,9.23,0.7956,0.98,,,0.8257,2268501.0911,2268474.7164
000050.SZ,20250224,9.2,0.8042,0.99,,,0.8231,2261127.8481,2261101.5591
000050.SZ,20250221,9.25,0.9758,1.26,,,0.8275,2273416.5864,2273390.1546
000050.SZ,20250220,9.07,0.7726,1.04,,,0.8114,2229177.1285,2229151.211
000050.SZ,20250219,9.04,0.566,0.77,,,0.8087,2221803.8855,2221778.0537
000050.SZ,20250218,8.89,0.9271,1.38,,,0.7953,2184937.6706,2184912.2675
000050.SZ,20250217,9.06,0.8279,1.29,,,0.8105,2226719.3809,2226693.4919
000050.SZ,20250214,9.15,0.766,1.12,,,0.8186,2248839.1098,2248812.9637
000050.SZ,20250213,8.99,0.6387,0.83,,,0.8043,2209515.1472,2209489.4583
000050.SZ,20250212,9.1,0.5286,0.67,,,0.8141,2236550.3715,2236524.3683
000050.SZ,20250211,9.06,0.6001,0.76,,,0.8105,2226719.3809,2226693.4919
000050.SZ,20250210,9.03,0.6676,0.81,,,0.8078,2219346.1379,2219320.3347
000050.SZ,20250207,9.02,0.9869,1.16,,,0.807,2216888.3902,2216862.6156
000050.SZ,20250206,8.93,1.0478,1.44,,,0.7989,2194768.6613,2194743.1438
000050.SZ,20250205,8.46,0.6331,0.9,,,0.7569,2079254.5212,2079230.3468
000050.SZ,20250127,8.39,0.6251,0.88,,,0.7506,2062050.2876,2062026.3132
000050.SZ,20250124,8.55,0.8306,1.22,,,0.7649,2101374.2502,2101349.8185
000050.SZ,20250123,8.62,1.1245,1.9,,,0.7712,2118578.4838,2118553.8521
000050.SZ,20250122,9.0,0.4281,0.66,,,0.8052,2211972.8949,2211947.1774
000050.SZ,20250121,9.03,0.5079,0.64,,,0.8078,2219346.1379,2219320.3347
000050.SZ,20250120,8.98,0.6729,0.83,,,0.8034,2207057.3996,2207031.7392
000050.SZ,20250117,8.97,0.6602,0.83,,,0.8025,2204599.6519,2204574.0201
000050.SZ,20250116,8.83,0.6887,0.89,,,0.79,2170191.1847,2170165.9529
000050.SZ,20250115,8.95,0.7197,0.91,,,0.8007,2199684.1566,2199658.582
000050.SZ,20250114,9.11,1.2246,1.61,,,0.815,2239008.1192,2238982.0873
000050.SZ,20250113,8.49,0.7834,1.06,,,0.7595,2086627.7642,2086603.504
000050.SZ,20250110,8.31,0.543,0.63,,,0.7434,2042388.3063,2042364.5605
000050.SZ,20250109,8.61,0.5903,0.61,,,0.7703,2116120.7361,2116096.133
000050.SZ,20250108,8.49,0.8182,0.83,,,0.7595,2086627.7642,2086603.504
000050.SZ,20250107,8.64,1.0713,1.11,,,0.773,2123493.9791,2123469.2903
000050.SZ,20250106,8.32,0.6811,0.63,,,0.7443,2044846.054,2044822.2796
000050.SZ,20250103,8.4,1.1312,1.14,,,0.7515,2064508.0352,2064484.0322
000050.SZ,20250102,8.74,1.0982,1.21,,,0.7819,2148071.4557,2148046.4812
000050.SZ,20241231,9.03,0.9502,1.05,,,0.8078,2219346.1379,2219320.3347
000050.SZ,20241230,9.32,0.9622,1.03,,,0.8338,2290620.8201,2290594.1882
000050.SZ,20241227,9.28,1.285,1.42,,,0.8302,2280789.8294,2280763.3118
000050.SZ,20241226,9.06,0.6566,0.68,,,0.8105,2226719.3809,2226693.4919
000050.SZ,20241225,9.06,0.6996,0.64,,,0.8105,2226719.3809,2226693.4919
000050.SZ,20241224,9.13,0.9036,0.85,,,0.8168,2243923.6145,2243897.5255
000050.SZ,20241223,9.01,1.1458,1.18,,,0.8061,2214430.6426,2214404.8965
000050.SZ,20241220,9.36,1.1171,1.2,,,0.8374,2300451.8107,2300425.0645
000050.SZ,20241219,9.39,0.9543,1.05,,,0.8401,2307825.0537,2307798.2218
000050.SZ,20241218,9.4,1.3406,1.53,,,0.8409,2310282.8013,2310255.9408
000050.SZ,20241217,9.11,0.7591,0.74,,,0.815,2239008.1192,2238982.0873
000050.SZ,20241216,9.24,0.6677,0.62,,,0.8266,2270958.8388,2270932.4355
000050.SZ,20241213,9.32,0.9177,0.84,,,0.8338,2290620.8201,2290594.1882
000050.SZ,20241212,9.48,0.8516,0.7,,,0.8481,2329944.7826,2329917.6935
000050.SZ,20241211,9.5,1.1833,0.83,,,0.8499,2334860.278,2334833.1317
000050.SZ,20241210,9.34,1.5057,1.1,,,0.8356,2295536.3154,2295509.6263
000050.SZ,20241209,9.23,0.9204,0.58,,,0.8257,2268501.0911,2268474.7164
000050.SZ,20241206,9.27,1.013,0.64,,,0.8293,2278332.0817,2278305.5927
000050.SZ,20241205,9.22,1.4642,0.98,,,0.8248,2266043.3434,2266016.9973
000050.SZ,20241204,9.42,2.2381,1.77,,,0.8427,2315198.2967,2315171.379
000050.SZ,20241203,9.27,1.1936,1.0,,,0.8293,2278332.0817,2278305.5927
000050.SZ,20241202,9.3,2.0157,2.02,,,0.832,2285705.3247,2285678.75
000050.SZ,20241129,8.81,1.0112,0.94,,,0.7882,2165275.6893,2165250.5148
000050.SZ,20241128,8.73,1.0142,0.86,,,0.781,2145613.7081,2145588.7621
000050.SZ,20241127,8.74,1.1052,0.85,,,0.7819,2148071.4557,2148046.4812
000050.SZ,20241126,8.64,0.7976,0.46,,,0.773,2123493.9791,2123469.2903
000050.SZ,20241125,8.67,1.0562,0.44,,,0.7756,2130867.2221,2130842.4476
000050.SZ,20241122,8.75,1.4069,0.59,,,0.7828,2150529.2034,2150504.2003
000050.SZ,20241121,9.12,1.5462,0.64,,,0.8159,2241465.8668,2241439.8064
000050.SZ,20241120,9.34,1.6782,0.64,,,0.8356,2295536.3154,2295509.6263
000050.SZ,20241119,9.36,3.0596,1.04,,,0.8374,2300451.8107,2300425.0645
000050.SZ,20241118,9.47,4.2083,1.66,,,0.8472,2327487.035,2327459.9744
000050.SZ,20241115,9.12,1.3583,0.48,,,0.8159,2241465.8668,2241439.8064
000050.SZ,20241114,9.22,1.6839,0.56,,,0.8248,2266043.3434,2266016.9973
000050.SZ,20241113,9.54,2.7565,0.89,,,0.8535,2344691.2686,2344664.008
000050.SZ,20241112,10.0,4.6694,1.64,,,0.8946,2457747.661,2457719.086
000050.SZ,20241111,9.6,2.2041,0.68,,,0.8588,2359437.7546,2359410.3226
000050.SZ,20241108,9.56,2.7678,0.85,,,0.8553,2349606.7639,2349579.4462
000050.SZ,20241107,9.36,2.6279,0.73,,,0.8374,2300451.8107,2300425.0645
000050.SZ,20241106,9.23,3.1391,0.8,,,0.8257,2268501.0911,2268474.7164
000050.SZ,20241105,9.15,3.5135,0.96,,,0.8186,2248839.1098,2248812.9637
000050.SZ,20241104,9.03,4.1385,1.28,,,0.8078,2219346.1379,2219320.3347
000050.SZ,20241101,8.54,2.8433,0.96,,,0.764,2098916.5025,2098892.0994
000050.SZ,20241031,9.14,4.488,2.01,,,0.8177,2246381.3622,2246355.2446
000050.SZ,20241030,8.87,4.6049,2.87,,,0.7951,2180022.1753,2179996.8293
000050.SZ,20241029,8.44,2.1452,1.38,,,0.7565,2074339.0259,2074314.9086
000050.SZ,20241028,8.42,2.0227,1.41,,,0.7547,2069423.5306,2069399.4704
000050.SZ,20241025,8.19,1.5372,1.09,,,0.7341,2012895.3344,2012871.9314
000050.SZ,20241024,7.96,0.8273,0.58,,,0.7135,1956367.1382,1956344.3925
000050.SZ,20241023,7.96,1.496,1.14,,,0.7135,1956367.1382,1956344.3925
000050.SZ,20241022,7.88,1.884,1.63,,,0.7063,1936705.1569,1936682.6398
000050.SZ,20241021,7.66,1.425,1.26,,,0.6866,1882634.7083,1882612.8199
000050.SZ,20241018,7.6,1.3948,1.24,,,0.6812,1867888.2224,1867866.5054
000050.SZ,20241017,7.35,0.9263,0.72,,,0.6588,1806444.5308,1806423.5282
000050.SZ,20241016,7.45,0.9356,0.61,,,0.6678,1831022.0074,1831000.7191
000050.SZ,20241015,7.53,1.091,0.58,,,0.675,1850683.9887,1850662.4718
000050.SZ,20241014,7.75,1.2941,0.63,,,0.6947,1904754.4373,1904732.2917
000050.SZ,20241011,7.55,1.3709,0.64,,,0.6768,1855599.4841,1855577.9099
000050.SZ,20241010,8.01,1.7783,0.85,,,0.718,1968655.8765,1968632.9879
000050.SZ,20241009,8.17,2.1843,1.08,,,0.7323,2007979.839,2007956.4933
000050.SZ,20241008,8.74,2.7234,1.55,,,0.7834,2148071.4557,2148046.4812
000050.SZ,20240930,8.09,2.2807,1.52,,,0.7252,1988317.8577,1988294.7406
000050.SZ,20240927,7.37,1.6703,1.24,,,0.6606,1811360.0262,1811338.9664
000050.SZ,20240926,7.06,1.5501,1.16,,,0.6328,1735169.8487,1735149.6747
000050.SZ,20240925,6.73,1.903,1.41,,,0.6033,1654064.1759,1654044.9449
000050.SZ,20240924,6.53,1.3985,0.94,,,0.5853,1604909.2226,1604890.5632
000050.SZ,20240923,6.34,0.9905,0.54,,,0.5683,1558212.0171,1558193.9005
000050.SZ,20240920,6.25,0.8863,0.36,,,0.5602,1536092.2881,1536074.4288
000050.SZ,20240919,6.27,1.5183,0.59,,,0.562,1541007.7834,1540989.8669
000050.SZ,20240918,6.13,1.9365,0.78,,,0.5495,1506599.3162,1506581.7997
000050.SZ,20240913,6.38,2.1101,0.94,,,0.5719,1568043.0077,1568024.7769
000050.SZ,20240912,6.7,2.6414,1.37,,,0.6006,1646690.9329,1646671.7876
000050.SZ,20240911,6.83,3.95,3.08,,,0.6122,1678641.6525,1678622.1357
000050.SZ,20240910,7.24,2.1856,2.15,,,0.649,1779409.3066,1779388.6183
000050.SZ,20240909,6.58,1.5195,1.54,,,0.5898,1617197.9609,1617179.1586
000050.SZ,20240906,6.67,0.9018,0.93,,,0.5979,1639317.6899,1639298.6304
000050.SZ,20240905,6.93,1.0663,1.15,,,0.6212,1703219.1291,1703199.3266
000050.SZ,20240904,6.85,0.7447,0.84,,,0.614,1683557.1478,1683537.5739
000050.SZ,20240903,6.84,0.8615,0.95,,,0.6131,1681099.4001,1681079.8548
000050.SZ,20240902,6.65,1.3451,1.85,,,0.5961,1634402.1946,1634383.1922
000050.SZ,20240830,6.99,0.8561,1.33,,,0.6218,1717965.615,1717945.6411
000050.SZ,20240829,6.76,0.8445,1.52,,,0.6013,1661437.4188,1661418.1021
000050.SZ,20240828,6.42,0.5149,0.97,,,0.5711,1577873.9984,1577855.6532
000050.SZ,20240827,6.38,0.9608,2.33,,,0.5675,1568043.0077,1568024.7769
000050.SZ,20240826,6.84,0.4638,1.19,,,0.6084,1681099.4001,1681079.8548
000050.SZ,20240823,6.75,0.4464,1.19,,,0.6004,1658979.6712,1658960.3831
000050.SZ,20240822,6.64,0.3966,1.01,,,0.5906,1631944.4469,1631925.4731
000050.SZ,20240821,6.77,0.3874,1.04,,,0.6022,1663895.1665,1663875.8212
000050.SZ,20240820,6.81,0.3677,0.97,,,0.6058,1673726.1571,1673706.6976
000050.SZ,20240819,6.93,0.3458,0.88,,,0.6164,1703219.1291,1703199.3266
000050.SZ,20240816,6.95,0.3773,0.96,,,0.6182,1708134.6244,1708114.7648
000050.SZ,20240815,6.94,0.4882,1.31,,,0.6173,1705676.8767,1705657.0457
000050.SZ,20240814,6.81,0.2874,0.7,,,0.6058,1673726.1571,1673706.6976
000050.SZ,20240813,6.84,0.4053,0.95,,,0.6084,1681099.4001,1681079.8548
000050.SZ,20240812,6.75,0.3991,0.83,,,0.6004,1658979.6712,1658960.3831
000050.SZ,20240809,6.82,0.376,0.78,,,0.6066,1676183.9048,1676164.4167
000050.SZ,20240808,6.77,0.4021,0.81,,,0.6022,1663895.1665,1663875.8212
000050.SZ,20240807,6.71,0.4641,0.85,,,0.5969,1649148.6805,1649129.5067
000050.SZ,20240806,6.71,0.4959,0.99,,,0.5969,1649148.6805,1649129.5067
000050.SZ,20240805,6.66,0.6524,1.44,,,0.5924,1636859.9422,1636840.9113
000050.SZ,20240802,6.95,0.4072,0.85,,,0.6182,1708134.6244,1708114.7648
000050.SZ,20240801,7.17,0.4694,0.88,,,0.6378,1762205.0729,1762184.5847
000050.SZ,20240731,7.14,0.7143,1.33,,,0.6351,1754831.83,1754811.4274
000050.SZ,20240730,6.78,0.2661,0.46,,,0.6031,1666352.9142,1666333.5403
000050.SZ,20240729,6.77,0.4065,0.71,,,0.6022,1663895.1665,1663875.8212
000050.SZ,20240726,6.78,0.5676,1.02,,,0.6031,1666352.9142,1610788.4432
000050.SZ,20240725,6.62,0.7632,1.52,,,0.5889,1627028.9516,1572775.7366
000050.SZ,20240724,6.69,0.7462,1.75,,,0.5951,1644233.1852,1589406.2957
000050.SZ,20240723,6.96,0.4732,1.13,,,0.6191,1710592.3721,1653552.7381
000050.SZ,20240722,7.16,0.4206,0.97,,,0.6369,1759747.3253,1701068.6214
000050.SZ,20240719,7.23,0.3662,0.78,,,0.6431,1776951.5589,1717699.1806
000050.SZ,20240718,7.23,0.4988,0.91,,,0.6431,1776951.5589,1717699.1806
000050.SZ,20240717,7.49,0.3714,0.63,,,0.6662,1840852.9981,1779469.8288
000050.SZ,20240716,7.62,0.4432,0.67,,,0.6778,1872803.7177,1810355.153
000050.SZ,20240715,7.45,0.488,0.72,,,0.6627,1831022.0074,1769966.6522
000050.SZ,20240712,7.59,0.5496,0.81,,,0.6751,1865430.4747,1803227.7705
000050.SZ,20240711,7.59,0.903,1.49,,,0.6751,1865430.4747,1803227.7705
000050.SZ,20240710,7.17,0.5728,0.99,,,0.6378,1762205.0729,1703444.4156
000050.SZ,20240709,7.04,0.8167,1.6,,,0.6262,1730254.3533,1672559.0915
000050.SZ,20240708,6.82,0.5324,1.0,,,0.6066,1676183.9048,1620291.6198
000050.SZ,20240705,6.86,0.566,1.05,,,0.6102,1686014.8954,1629794.7965
000050.SZ,20240704,6.95,0.5342,0.99,,,0.6182,1708134.6244,1651176.944
000050.SZ,20240703,7.07,0.4473,0.76,,,0.6289,1737627.5963,1679686.4739
000050.SZ,20240702,7.07,0.4779,0.73,,,0.6289,1737627.5963,1679686.4739
000050.SZ,20240701,7.17,0.6437,1.02,,,0.6378,1762205.0729,1703444.4156
000050.SZ,20240628,7.28,0.5921,0.95,,,0.6476,1789240.2972,1729578.1514
000050.SZ,20240627,7.12,0.543,0.9,,,0.6333,1749916.3346,1691565.4448
000050.SZ,20240626,7.2,0.6714,1.19,,,0.6405,1769578.3159,1710571.7981
000050.SZ,20240625,7.02,0.8236,1.71,,,0.6244,1725338.858,1667807.5031
000050.SZ,20240624,7.33,0.5388,1.17,,,0.652,1801529.0355,1741457.1222
000050.SZ,20240621,7.48,0.5264,1.07,,,0.6654,1838395.2504,1777094.0347
000050.SZ,20240620,7.54,0.4524,0.9,,,0.6707,1853141.7364,1791348.7997
000050.SZ,20240619,7.75,0.4794,0.92,,,0.6894,1904754.4373,1841240.4771
000050.SZ,20240618,7.86,0.4074,0.73,,,0.6992,1931789.6615,1867374.2129
000050.SZ,20240617,7.8,0.437,0.75,,,0.6938,1917043.1756,1853119.4479
000050.SZ,20240614,7.68,0.6736,1.11,,,0.6831,1887550.2036,1824609.918
000050.SZ,20240613,7.59,0.5081,0.81,,,0.6751,1865430.4747,1803227.7705
000050.SZ,20240612,7.54,0.5785,0.91,,,0.6707,1853141.7364,1791348.7997
000050.SZ,20240611,7.41,0.607,0.93,,,0.6591,1821191.0168,1760463.4755
000050.SZ,20240607,7.22,0.5359,0.65,,,0.6422,1774493.8112,1715323.3864
000050.SZ,20240606,7.19,0.797,1.09,,,0.6396,1767120.5683,1708196.0039
000050.SZ,20240605,7.31,0.619,0.88,,,0.6502,1796613.5402,1736705.5339
000050.SZ,20240604,7.41,0.6125,0.91,,,0.6591,1821191.0168,1760463.4755
000050.SZ,20240603,7.48,0.6841,0.97,,,0.6654,1838395.2504,1777094.0347
000050.SZ,20240531,7.51,1.3884,2.69,,,0.668,1845768.4934,1784221.4172
000050.SZ,20240530,7.52,0.3561,0.66,,,0.6689,1848226.2411,1786597.2113
000050.SZ,20240529,7.49,0.4669,0.89,,,0.6662,1840852.9981,1779469.8288
000050.SZ,20240528,7.5,0.4876,0.97,,,0.6671,1843310.7458,1781845.623
000050.SZ,20240527,7.61,0.8277,1.93,,,0.6769,1870345.97,1807979.3588
000050.SZ,20240524,7.49,0.4391,1.0,,,0.6662,1840852.9981,1779469.8288
000050.SZ,20240523,7.65,0.4963,1.19,,,0.6805,1880176.9607,1817482.5355
000050.SZ,20240522,7.87,0.3578,0.88,,,0.7,1934247.4092,1869750.0071
000050.SZ,20240521,7.77,0.385,0.92,,,0.6912,1909669.9326,1845992.0654
000050.SZ,20240520,7.85,0.4645,1.05,,,0.6983,1929331.9139,1864998.4187
000050.SZ,20240517,7.92,0.4924,1.16,,,0.7045,1946536.1475,1881628.9779
000050.SZ,20240516,7.72,0.3942,0.97,,,0.6867,1897381.1943,1834113.0946
000050.SZ,20240515,7.76,0.3042,0.72,,,0.6903,1907212.1849,1843616.2713
000050.SZ,20240514,7.88,0.4404,1.04,,,0.7009,1936705.1569,1872125.8012
000050.SZ,20240513,7.87,0.5911,1.42,,,0.7,1934247.4092,1869750.0071
000050.SZ,20240510,8.03,0.3936,0.86,,,0.7143,1973571.3718,1907762.7137
000050.SZ,20240509,8.15,0.3106,0.56,,,0.725,2003064.3437,1936272.2437
000050.SZ,20240508,8.12,0.3779,0.59,,,0.7223,1995691.1007,1929144.8612
000050.SZ,20240507,8.3,0.4494,0.66,,,0.7383,2039930.5586,1971909.1561
000050.SZ,20240506,8.22,0.5475,0.83,,,0.7312,2020268.5773,1952902.8028
000050.SZ,20240430,8.13,0.5914,0.88,,,0.7232,1998148.8484,1931520.6553
000050.SZ,20240429,8.19,0.8259,1.34,,,0.7285,2012895.3344,1945775.4203
000050.SZ,20240426,7.99,0.7896,1.39,,,0.7024,1963740.3811,1898259.537
000050.SZ,20240425,7.68,0.6391,1.16,,,0.6751,1887550.2036,1824609.918
000050.SZ,20240424,7.53,0.464,0.79,,,0.6619,1850683.9887,1788973.0055
000050.SZ,20240423,7.58,0.6505,1.06,,,0.6663,1862972.727,1800851.9763
000050.SZ,20240422,7.55,0.5308,0.82,,,0.6637,1855599.4841,1793724.5938
000050.SZ,20240419,7.74,0.5645,0.86,,,0.6804,1902296.6896,1838864.6829
000050.SZ,20240418,7.77,0.5563,0.86,,,0.683,1909669.9326,1845992.0654
000050.SZ,20240417,7.8,0.6342,1.01,,,0.6856,1917043.1756,1853119.4479
000050.SZ,20240416,7.6,0.7839,1.38,,,0.6681,1867888.2224,1805603.5646
000050.SZ,20240415,7.85,0.6988,1.26,,,0.69,1929331.9139,1864998.4187
000050.SZ,20240412,7.85,0.6155,1.09,,,0.69,1929331.9139,1864998.4187
000050.SZ,20240411,7.85,0.5153,0.72,,,0.69,1929331.9139,1864998.4187
000050.SZ,20240410,7.94,0.5135,0.58,,,0.698,1951451.6428,1886380.5662
000050.SZ,20240409,8.08,0.4891,0.57,,,0.7103,1985860.1101,1919641.6845
000050.SZ,20240408,8.09,0.6332,0.72,,,0.7111,1988317.8577,1922017.4787
000050.SZ,20240403,8.39,0.6633,0.77,,,0.7375,2062050.2876,1993291.3036
000050.SZ,20240402,8.42,1.2698,1.77,,,0.7401,2069423.5306,2000418.6861
000050.SZ,20240401,8.82,1.3654,2.36,,,0.7753,2167733.437,2095450.4526
000050.SZ,20240329,8.26,0.3894,0.64,,,0.7261,2030099.568,1962405.9795
000050.SZ,20240328,8.21,0.7135,1.28,,,0.7217,2017810.8297,1950527.0086
000050.SZ,20240327,8.04,0.5515,1.01,,,0.7067,1976029.1194,1910138.5079
000050.SZ,20240326,8.35,0.5673,1.03,,,0.734,2052219.2969,1983788.1269
000050.SZ,20240325,8.45,0.6763,1.23,,,0.7428,2076796.7735,2007546.0686
000050.SZ,20240322,8.72,0.5397,1.02,,,0.7665,2143155.9604,2071692.511
000050.SZ,20240321,8.92,0.4414,0.85,,,0.7841,2192310.9136,2119208.3943
000050.SZ,20240320,9.0,0.5118,1.03,,,0.7911,2211972.8949,2138214.7476
000050.SZ,20240319,9.03,0.5776,1.25,,,0.7938,2219346.1379,2145342.1301
000050.SZ,20240318,9.13,0.6712,1.61,,,0.8026,2243923.6145,2169100.0717
000050.SZ,20240315,9.17,0.4552,1.12,,,0.8061,2253754.6051,2178603.2484
000050.SZ,20240314,9.04,0.3764,0.85,197.4565,,0.7867,2221803.8855,2147717.9243
000050.SZ,20240313,9.2,0.4039,0.92,200.9513,,0.8007,2261127.8481,2185730.6309
000050.SZ,20240312,9.18,0.3968,0.81,200.5145,,0.7989,2256212.3528,2180979.0426
000050.SZ,20240311,9.15,0.45,0.93,199.8592,,0.7963,2248839.1098,2173851.6601
000050.SZ,20240308,9.09,0.3965,0.75,198.5486,,0.7911,2234092.6238,2159596.8951
000050.SZ,20240307,8.89,0.5577,1.02,194.1801,,0.7737,2184937.6706,2112081.0118
000050.SZ,20240306,9.13,0.3891,0.63,199.4223,,0.7946,2243923.6145,2169100.0717
000050.SZ,20240305,9.25,0.6424,1.1,202.0435,,0.805,2273416.5864,2197609.6017
000050.SZ,20240304,9.3,0.4371,0.7,203.1356,,0.8094,2285705.3247,2209488.5725
000050.SZ,20240301,9.34,0.6046,0.99,204.0093,,0.8128,2295536.3154,2218991.7492
000050.SZ,20240229,9.16,0.662,1.19,200.0776,,0.7972,2251296.8575,2176227.4542
000050.SZ,20240228,8.88,0.7551,1.42,193.9617,,0.7728,2182479.923,2109705.2176
000050.SZ,20240227,9.17,0.4555,0.78,200.296,,0.798,2253754.6051,2178603.2484
000050.SZ,20240226,8.96,0.6252,0.92,195.7091,,0.7798,2202141.9043,2128711.5709
000050.SZ,20240223,8.92,0.5436,0.64,194.8354,,0.7763,2192310.9136,2119208.3943
000050.SZ,20240222,8.91,0.401,0.38,194.617,,0.7754,2189853.166,2116832.6001
000050.SZ,20240221,8.88,0.6275,0.54,193.9617,,0.7728,2182479.923,2109705.2176
000050.SZ,20240220,8.83,0.7102,0.58,192.8696,,0.7685,2170191.1847,2097826.2468
000050.SZ,20240219,8.8,1.132,1.0,192.2143,,0.7658,2162817.9417,2090698.8643
000050.SZ,20240208,9.18,1.3514,1.37,200.5145,,0.7989,2256212.3528,2180979.0426
000050.SZ,20240207,8.76,1.4431,1.8,191.3406,,0.7624,2152986.951,2081195.6877
000050.SZ,20240206,7.96,1.1955,1.91,173.8666,,0.6927,1956367.1382,1891132.1545
000050.SZ,20240205,7.59,0.9946,2.05,165.7848,,0.6605,1865430.4747,1803227.7705
000050.SZ,20240202,7.84,0.6912,1.7,171.2455,,0.6823,1926874.1662,1862622.6246
000050.SZ,20240201,8.2,0.5997,1.58,179.1088,,0.7136,2015353.082,1948151.2145
000050.SZ,20240131,8.32,0.5332,1.39,181.7299,,0.7241,2044846.054,1976660.7444
000050.SZ,20240130,8.68,0.3182,0.72,189.5932,,0.7554,2133324.9697,2062189.3344
000050.SZ,20240129,8.99,0.2886,0.59,196.3644,,0.7824,2209515.1472,2135838.9534
000050.SZ,20240126,9.17,0.2985,0.6,200.296,,0.798,2253754.6051,2178603.2484
000050.SZ,20240125,9.28,0.4556,0.89,202.6987,,0.8076,2280789.8294,2204736.9842
000050.SZ,20240124,8.95,0.5553,1.19,195.4907,,0.7789,2199684.1566,2126335.7768
000050.SZ,20240123,8.7,0.6195,1.41,190.0301,,0.7571,2138240.4651,2066940.9227
000050.SZ,20240122,8.58,0.5061,1.11,187.409,,0.7467,2108747.4931,2038431.3927
000050.SZ,20240119,9.0,0.372,0.83,196.5828,,0.7833,2211972.8949,2138214.7476
000050.SZ,20240118,9.07,0.4947,1.03,198.1118,,0.7893,2229177.1285,2154845.3067
000050.SZ,20240117,9.12,0.3432,0.7,199.2039,,0.7937,2241465.8668,2166724.2776
000050.SZ,20240116,9.3,0.4807,0.95,203.1356,,0.8094,2285705.3247,2209488.5725
000050.SZ,20240115,9.43,0.585,1.16,205.9751,,0.8207,2317656.0443,2240373.8967
000050.SZ,20240112,9.42,0.343,0.66,205.7567,,0.8198,2315198.2967,2237998.1025
000050.SZ,20240111,9.46,0.6562,1.31,206.6304,,0.8233,2325029.2873,2247501.2791
000050.SZ,20240110,9.58,0.3709,0.7,209.2515,,0.8337,2354522.2592,2276010.8091
000050.SZ,20240109,9.8,0.5808,1.19,214.0568,,0.8529,2408592.7078,2328278.2807
000050.SZ,20240108,9.83,0.5703,1.12,214.7121,,0.8555,2415965.9508,2335405.6632
000050.SZ,20240105,10.12,0.4396,0.88,221.0465,,0.8807,2487240.6329,2404303.694
000050.SZ,20240104,10.18,0.5516,1.15,222.357,,0.8859,2501987.1189,2418558.459
000050.SZ,20240103,10.35,0.5087,1.16,226.0702,,0.9007,2543768.8291,2458946.9597
000050.SZ,20240102,10.43,0.3599,0.83,227.8176,,0.9077,2563430.8104,2477953.3131
000050.SZ,20231229,10.65,0.6833,1.79,232.623,,0.9268,2617501.259,2530220.7847
000050.SZ,20231228,10.23,0.4051,0.96,223.4491,,0.8903,2514275.8572,2430437.4298
000050.SZ,20231227,10.29,0.4415,0.98,224.7597,,0.8955,2529022.3432,2444692.1948
000050.SZ,20231226,10.01,0.299,0.62,218.6438,,0.8711,2460205.4087,2378169.9582
000050.SZ,20231225,10.16,0.333,0.65,221.9202,,0.8842,2497071.6236,2413806.8706
000050.SZ,20231222,10.17,0.4253,0.84,222.1386,,0.8851,2499529.3712,2416182.6648
000050.SZ,20231221,10.28,0.6024,1.31,224.5413,,0.8946,2526564.5955,2442316.4006
000050.SZ,20231220,10.11,0.5975,1.49,220.828,,0.8799,2484782.8853,2401927.8998
000050.SZ,20231219,10.26,0.4586,1.08,224.1044,,0.8929,2521649.1002,2437564.8123
000050.SZ,20231218,10.07,0.4969,1.01,219.9543,,0.8764,2474951.8946,2392424.7231
000050.SZ,20231215,10.2,0.3731,0.69,222.7939,,0.8877,2506902.6142,2423310.0473
000050.SZ,20231214,10.26,0.3798,0.61,224.1044,,0.8929,2521649.1002,2437564.8123
000050.SZ,20231213,10.28,0.2923,0.43,224.5413,,0.8946,2526564.5955,2442316.4006
000050.SZ,20231212,10.43,0.5759,0.83,227.8176,,0.9077,2563430.8104,2477953.3131
000050.SZ,20231211,10.42,0.8271,1.21,227.5992,,0.9068,2560973.0628,2475577.5189
000050.SZ,20231208,10.5,0.6283,0.89,229.3466,,0.9138,2580635.0441,2494583.8722
000050.SZ,20231207,10.56,0.7817,1.02,230.6572,,0.919,2595381.53,2508838.6372
000050.SZ,20231206,10.37,0.5759,0.57,226.5071,,0.9025,2548684.3245,2463698.5481
000050.SZ,20231205,10.45,0.6447,0.6,228.2545,,0.9094,2568346.3057,2482704.9014
000050.SZ,20231204,10.71,0.7873,0.76,233.9336,,0.9321,2632247.7449,2544475.5496
000050.SZ,20231201,10.8,0.7395,0.78,235.8994,,0.9399,2654367.4739,2565857.6971
000050.SZ,20231130,10.87,1.1004,1.37,237.4284,,0.946,2671571.7075,2582488.2563
000050.SZ,20231129,11.04,1.7761,3.46,241.1416,,0.9608,2713353.4177,2622876.7571
000050.SZ,20231128,10.76,0.9661,2.28,235.0257,,0.9364,2644536.4832,2556354.5205
000050.SZ,20231127,10.53,0.5798,1.41,230.0019,,0.9164,2588008.287,2501711.2547
000050.SZ,20231124,10.43,0.2996,0.64,227.8176,,0.9077,2563430.8104,2477953.3131
000050.SZ,20231123,10.52,0.3875,0.78,229.7835,,0.9155,2585550.5394,2499335.4605
000050.SZ,20231122,10.4,0.3359,0.55,227.1624,,0.9051,2556057.5674,2470825.9306
000050.SZ,20231121,10.51,0.5137,0.73,229.565,,0.9147,2583092.7917,2496959.6664
000050.SZ,20231120,10.61,0.5192,0.65,231.7493,,0.9234,2607670.2683,2520717.608
000050.SZ,20231117,10.67,0.5914,0.59,233.0599,,0.9286,2622416.7543,2534972.373
000050.SZ,20231116,10.7,0.5209,0.42,233.7151,,0.9312,2629789.9973,2542099.7555
000050.SZ,20231115,10.86,0.8971,0.74,237.2099,,0.9451,2669113.9598,2580112.4621
000050.SZ,20231114,10.8,0.9823,0.72,235.8994,,0.9399,2654367.4739,2565857.6971
000050.SZ,20231113,10.92,0.9892,0.71,238.5205,,0.9503,2683860.4458,2594367.2271
000050.SZ,20231110,10.92,1.5896,1.38,238.5205,,0.9503,2683860.4458,2594367.2271
000050.SZ,20231109,10.72,1.7009,1.88,234.152,,0.9329,2634705.4926,2546851.3438
000050.SZ,20231108,10.52,0.7745,0.95,229.7835,,0.9155,2585550.5394,2499335.4605
000050.SZ,20231107,10.65,1.7948,3.21,232.623,,0.9268,2617501.259,2530220.7847
000050.SZ,20231106,10.28,1.1052,2.2,224.5413,,0.8946,2526564.5955,2442316.4006
000050.SZ,20231103,9.87,0.4035,0.66,215.5858,,0.859,2425796.9414,2344908.8399
000050.SZ,20231102,9.74,0.4538,0.68,212.7463,,0.8477,2393846.2218,2314023.5157
000050.SZ,20231101,9.75,0.3354,0.47,212.9647,,0.8485,2396303.9695,2316399.3099
000050.SZ,20231031,9.79,0.5003,0.68,213.8384,,0.852,2406134.9601,2325902.4866
000050.SZ,20231030,9.83,0.8243,1.18,214.7121,,0.8555,2415965.9508,2335405.6632
000050.SZ,20231027,9.49,0.9647,1.41,207.2857,,0.8148,2332402.5303,2254628.6616
000050.SZ,20231026,9.73,0.7229,0.93,212.5279,,0.8354,2391388.4742,2311647.7216
000050.SZ,20231025,9.63,0.5233,0.59,210.3436,,0.8268,2366810.9975,2287889.7799
000050.SZ,20231024,9.73,0.6445,0.65,212.5279,,0.8354,2391388.4742,2311647.7216
000050.SZ,20231023,9.64,0.6444,0.68,210.562,,0.8276,2369268.7452,2290265.5741
000050.SZ,20231020,9.73,0.8944,0.99,212.5279,,0.8354,2391388.4742,2311647.7216
000050.SZ,20231019,9.94,1.1688,1.6,217.1148,,0.8534,2443001.175,2361539.399
000050.SZ,20231018,9.89,1.0462,1.73,216.0227,,0.8491,2430712.4367,2349660.4282
000050.SZ,20231017,9.86,1.203,2.73,215.3674,,0.8465,2423339.1937,2342533.0457
000050.SZ,20231016,9.7,0.4578,1.1,211.8726,,0.8328,2384015.2312,2304520.3391
000050.SZ,20231013,9.71,0.6251,1.79,212.091,,0.8337,2386472.9788,2306896.1332
000050.SZ,20231012,9.51,0.3191,0.98,207.7225,,0.8165,2337318.0256,2259380.25
000050.SZ,20231011,9.5,0.4215,1.44,207.5041,,0.8156,2334860.278,2257004.4558
000050.SZ,20231010,9.38,0.3762,1.42,204.883,,0.8053,2305367.306,2228494.9258
000050.SZ,20231009,9.23,0.3381,1.35,201.6066,,0.7924,2268501.0911,2192858.0134
000050.SZ,20230928,9.22,0.2947,1.24,201.3882,,0.7916,2266043.3434,2190482.2192
000050.SZ,20230927,9.03,0.2021,0.8,197.2381,,0.7753,2219346.1379,2145342.1301
000050.SZ,20230926,9.1,0.2548,0.96,198.7671,,0.7813,2236550.3715,2161972.6892
000050.SZ,20230925,9.18,0.2379,0.76,200.5145,,0.7882,2256212.3528,2180979.0426
000050.SZ,20230922,9.22,0.2591,0.8,201.3882,,0.7916,2266043.3434,2190482.2192
000050.SZ,20230921,9.11,0.2341,0.67,198.9855,,0.7821,2239008.1192,2164348.4834
000050.SZ,20230920,9.13,0.2783,0.7,199.4223,,0.7839,2243923.6145,2169100.0717
000050.SZ,20230919,9.13,0.3141,0.78,199.4223,,0.7839,2243923.6145,2169100.0717
000050.SZ,20230918,9.27,0.4892,1.14,202.4803,,0.7959,2278332.0817,2202361.19
000050.SZ,20230915,9.11,0.3074,0.7,198.9855,,0.7821,2239008.1192,2164348.4834
000050.SZ,20230914,9.21,0.3704,0.76,201.1697,,0.7907,2263585.5958,2188106.425
000050.SZ,20230913,9.23,0.5013,0.97,201.6066,,0.7924,2268501.0911,2192858.0134
000050.SZ,20230912,9.33,0.3511,0.63,203.7909,,0.801,2293078.5677,2216615.955
000050.SZ,20230911,9.34,0.6118,1.14,204.0093,,0.8019,2295536.3154,2218991.7492
000050.SZ,20230908,9.2,0.3464,0.65,200.9513,,0.7899,2261127.8481,2185730.6309
000050.SZ,20230907,9.16,0.6111,1.21,200.0776,,0.7864,2251296.8575,2176227.4542
000050.SZ,20230906,9.23,0.654,1.39,201.6066,,0.7924,2268501.0911,2192858.0134
000050.SZ,20230905,9.04,0.5771,1.31,197.4565,,0.7761,2221803.8855,2147717.9243
000050.SZ,20230904,8.93,0.4885,1.07,195.0538,,0.7667,2194768.6613,2121584.1885
000050.SZ,20230901,8.71,0.3405,0.75,190.2485,,0.7478,2140698.2127,2069316.7168
000050.SZ,20230831,8.6,0.4575,1.07,187.8458,,0.7384,2113662.9885,2043182.981
000050.SZ,20230830,8.46,0.491,1.25,184.7878,,0.7078,2079254.5212,2009921.8627
000050.SZ,20230829,8.36,0.4294,1.12,182.6036,,0.6995,2054677.0446,1986163.9211
000050.SZ,20230828,8.19,0.5746,1.56,178.8904,,0.6853,2012895.3344,1945775.4203
000050.SZ,20230825,8.18,0.3089,0.79,178.6719,,0.6844,2010437.5867,1943399.6262
000050.SZ,20230824,8.28,0.3355,0.8,180.8562,,0.6928,2035015.0633,1967157.5678
000050.SZ,20230823,8.3,0.3115,0.79,181.293,,0.6945,2039930.5586,1971909.1561
000050.SZ,20230822,8.48,0.3829,1.06,185.2247,,0.7095,2084170.0165,2014673.4511
000050.SZ,20230821,8.46,0.5082,1.62,184.7878,,0.7078,2079254.5212,2009921.8627
000050.SZ,20230818,8.7,0.4051,1.45,190.0301,,0.7279,2138240.4651,2066940.9227
000050.SZ,20230817,8.9,0.4983,2.33,194.3986,,0.7447,2187395.4183,2114456.806
000050.SZ,20230816,9.08,0.1752,0.79,198.3302,,0.7597,2231634.8762,2157221.1009
000050.SZ,20230815,9.15,0.2198,0.99,199.8592,,0.7656,2248839.1098,2173851.6601
000050.SZ,20230814,9.17,0.2695,1.16,200.296,,0.7673,2253754.6051,2178603.2484
000050.SZ,20230811,9.18,0.2315,0.9,200.5145,,0.7681,2256212.3528,2180979.0426
000050.SZ,20230810,9.31,0.1744,0.64,203.354,,0.779,2288163.0724,2211864.3667
000050.SZ,20230809,9.32,0.2102,0.73,203.5724,,0.7798,2290620.8201,2214240.1608
000050.SZ,20230808,9.42,0.2222,0.75,205.7567,,0.7882,2315198.2967,2237998.1025
000050.SZ,20230807,9.55,0.3184,1.01,208.5962,,0.799,2347149.0163,2268883.4266
000050.SZ,20230804,9.56,0.3635,1.25,208.8146,,0.7999,2349606.7639,2271259.2208
000050.SZ,20230803,9.46,0.2514,0.89,206.6304,,0.7915,2325029.2873,2247501.2791
000050.SZ,20230802,9.49,0.2836,1.09,207.2857,,0.794,2332402.5303,2254628.6616
000050.SZ,20230801,9.42,0.2629,1.01,205.7567,,0.7882,2315198.2967,2237998.1025
000050.SZ,20230731,9.37,0.4185,1.64,204.6646,,0.784,2302909.5584,2226119.1317
000050.SZ,20230728,9.29,0.2338,0.91,202.9172,,0.7773,2283247.5771,2207112.7784
000050.SZ,20230727,9.22,0.2139,0.78,201.3882,,0.7714,2266043.3434,2190482.2192
000050.SZ,20230726,9.24,0.1754,0.63,201.825,,0.7731,2270958.8388,2195233.8075
000050.SZ,20230725,9.29,0.266,0.84,202.9172,,0.7773,2283247.5771,2207112.7784
000050.SZ,20230724,9.25,0.3863,0.94,202.0435,,0.7739,2273416.5864,2197609.6017
000050.SZ,20230721,9.04,0.2364,0.53,197.4565,,0.7564,2221803.8855,2147717.9243
000050.SZ,20230720,9.06,0.3047,0.72,197.8934,,0.758,2226719.3809,2152469.5126
000050.SZ,20230719,9.19,0.1999,0.47,200.7329,,0.7689,2258670.1005,2183354.8367
000050.SZ,20230718,9.26,0.4562,1.22,202.2619,,0.7748,2275874.3341,2199985.3959
000050.SZ,20230717,9.18,0.8648,3.52,200.5145,,0.7681,2256212.3528,2180979.0426
000050.SZ,20230714,9.64,0.4016,1.83,210.562,,0.8066,2369268.7452,2290265.5741
000050.SZ,20230713,9.44,0.2079,0.79,206.1935,,0.7898,2320113.792,2242749.6908
000050.SZ,20230712,9.3,0.2167,0.8,203.1356,,0.7781,2285705.3247,2209488.5725
000050.SZ,20230711,9.43,0.1805,0.63,205.9751,,0.789,2317656.0443,2240373.8967
000050.SZ,20230710,9.36,0.2231,0.69,204.4461,,0.7832,2300451.8107,2223743.3375
000050.SZ,20230707,9.41,0.2662,0.85,205.5383,,0.7873,2312740.549,2235622.3083
000050.SZ,20230706,9.48,0.421,1.57,207.0672,,0.7932,2329944.7826,2252252.8675
000050.SZ,20230705,9.37,0.2645,0.93,204.6646,,0.784,2302909.5584,2226119.1317
000050.SZ,20230704,9.36,0.2662,0.96,204.4461,,0.7832,2300451.8107,2223743.3375
000050.SZ,20230703,9.25,0.3947,1.51,202.0435,,0.7739,2273416.5864,2197609.6017
000050.SZ,20230630,9.18,0.2174,0.78,200.5145,,0.7681,2256212.3528,2180979.0426
000050.SZ,20230629,9.07,0.2003,0.67,198.1118,,0.7589,2229177.1285,2154845.3067
000050.SZ,20230628,9.04,0.3375,1.07,197.4565,,0.7564,2221803.8855,2147717.9243
000050.SZ,20230627,9.18,0.2435,0.76,200.5145,,0.7681,2256212.3528,2180979.0426
000050.SZ,20230626,9.0,0.3044,1.0,196.5828,,0.753,2211972.8949,2138214.7476
000050.SZ,20230621,9.18,0.3101,1.06,200.5145,,0.7681,2256212.3528,2180979.0426
000050.SZ,20230620,9.35,0.3095,1.14,204.2277,,0.7823,2297994.063,2221367.5433
000050.SZ,20230619,9.55,0.4041,1.67,208.5962,,0.799,2347149.0163,2268883.4266
000050.SZ,20230616,9.49,0.2813,1.15,207.2857,,0.794,2332402.5303,2254628.6616
000050.SZ,20230615,9.33,0.2185,0.85,203.7909,,0.7806,2293078.5677,2216615.955
000050.SZ,20230614,9.33,0.2499,1.0,203.7909,,0.7806,2293078.5677,2216615.955
000050.SZ,20230613,9.43,0.2045,0.73,205.9751,,0.789,2317656.0443,2240373.8967
000050.SZ,20230612,9.4,0.2555,0.94,205.3198,,0.7865,2310282.8013,2233246.5142
000050.SZ,20230609,9.35,0.2944,1.14,204.2277,,0.7823,2297994.063,2221367.5433
000050.SZ,20230608,9.36,0.2873,1.11,204.4461,,0.7832,2300451.8107,2223743.3375
000050.SZ,20230607,9.46,0.2044,0.7,206.6304,,0.7915,2325029.2873,2247501.2791
000050.SZ,20230606,9.39,0.3514,1.25,205.1014,,0.7857,2307825.0537,2230870.72
000050.SZ,20230605,9.63,0.2152,0.73,210.3436,,0.8057,2366810.9975,2287889.7799
000050.SZ,20230602,9.64,0.2301,0.77,210.562,,0.8066,2369268.7452,2290265.5741
000050.SZ,20230601,9.63,0.2895,0.99,210.3436,,0.8057,2366810.9975,2287889.7799
000050.SZ,20230531,9.67,0.3713,1.33,211.2173,,0.8091,2376641.9882,2297392.9566
000050.SZ,20230530,9.55,0.2964,1.13,208.5962,,0.799,2347149.0163,2268883.4266
000050.SZ,20230529,9.43,0.2931,1.13,205.9751,,0.789,2317656.0443,2240373.8967
000050.SZ,20230526,9.36,0.2407,0.85,204.4461,,0.7832,2300451.8107,2223743.3375
000050.SZ,20230525,9.3,0.2598,0.89,203.1356,,0.7781,2285705.3247,2209488.5725
000050.SZ,20230524,9.26,0.303,1.01,202.2619,,0.7748,2275874.3341,2199985.3959
000050.SZ,20230523,9.28,0.2175,0.67,202.6987,,0.7765,2280789.8294,2204736.9842
000050.SZ,20230522,9.4,0.2708,0.8,205.3198,,0.7865,2310282.8013,2233246.5142
000050.SZ,20230519,9.37,0.3666,1.14,204.6646,,0.784,2302909.5584,2226119.1317
000050.SZ,20230518,9.24,0.3016,0.89,201.825,,0.7731,2270958.8388,2195233.8075
000050.SZ,20230517,9.16,0.3476,0.96,200.0776,,0.7664,2251296.8575,2176227.4542
000050.SZ,20230516,8.98,0.3291,0.73,196.146,,0.7514,2207057.3996,2133463.1593
000050.SZ,20230515,9.08,0.3555,0.66,198.3302,,0.7597,2231634.8762,2157221.1009
000050.SZ,20230512,9.04,0.2781,0.44,197.4565,,0.7564,2221803.8855,2147717.9243
000050.SZ,20230511,9.14,0.3906,0.45,199.6408,,0.7647,2246381.3622,2171475.8659
000050.SZ,20230510,9.1,0.4585,0.53,198.7671,,0.7614,2236550.3715,2161972.6892
000050.SZ,20230509,9.12,0.7787,1.0,199.2039,,0.7631,2241465.8668,2166708.033
000050.SZ,20230508,9.12,0.7785,1.11,199.2039,,0.7631,2241465.8668,2166708.033
000050.SZ,20230505,8.8,0.7654,1.19,192.2143,,0.7363,2162817.9417,2090683.1898
000050.SZ,20230504,8.87,1.5823,3.55,193.7433,,0.7422,2180022.1753,2107313.6242
000050.SZ,20230428,9.86,0.4106,0.77,215.3674,215.3674,0.8061,2423339.1937,2342515.4831
000050.SZ,20230427,9.78,0.341,0.61,213.62,213.62,0.7995,2403677.2125,2323509.2723
000050.SZ,20230426,9.78,0.4206,0.74,213.62,213.62,0.7995,2403677.2125,2323509.2723
000050.SZ,20230425,9.89,0.4619,0.75,216.0227,216.0227,0.8085,2430712.4367,2349642.8121
000050.SZ,20230424,10.0,0.5935,0.95,218.4254,218.4254,0.8175,2457747.661,2375776.352
000050.SZ,20230421,10.1,0.8411,1.45,220.6096,220.6096,0.8257,2482325.1376,2399534.1155
000050.SZ,20230420,10.63,0.4635,0.7,232.1861,232.1861,0.869,2612585.7636,2525450.2622
000050.SZ,20230419,10.49,0.4726,0.63,229.1282,229.1282,0.8576,2578177.2964,2492189.3932
