ts_code,trade_date,open,high,low,close,pre_close,change,pct_chg,vol,amount
000026.SZ,20260515,20.29,21.0,19.67,20.22,20.28,-0.06,-0.2959,224968.01,460804.517
000026.SZ,20260514,20.18,20.96,20.05,20.28,20.19,0.09,0.4458,185300.0,379618.99
000026.SZ,20260513,20.25,20.28,19.66,20.19,20.51,-0.32,-1.5602,204008.0,408156.089
000026.SZ,20260512,20.2,21.08,19.8,20.51,20.14,0.37,1.8371,212118.41,433551.872
000026.SZ,20260511,19.8,21.05,19.65,20.14,19.9,0.24,1.206,284672.03,576359.715
000026.SZ,20260508,18.48,20.2,18.25,19.9,18.72,1.18,6.3034,304022.91,584846.266
000026.SZ,20260507,17.9,18.81,17.85,18.72,17.85,0.87,4.8739,209144.46,387325.964
000026.SZ,20260506,18.2,18.24,17.77,17.85,18.13,-0.28,-1.5444,150155.57,270210.22
000026.SZ,20260430,17.93,18.27,17.7,18.13,18.09,0.04,0.2211,133124.01,240442.155
000026.SZ,20260429,17.76,18.28,17.6,18.09,17.77,0.32,1.8008,120013.0,216444.851
000026.SZ,20260428,18.02,18.23,17.69,17.77,18.2,-0.43,-2.3626,146398.78,261206.852
000026.SZ,20260427,18.4,18.96,17.9,18.2,18.41,-0.21,-1.1407,207285.65,377757.475
000026.SZ,20260424,18.0,18.64,17.9,18.41,18.09,0.32,1.7689,218182.76,399794.648
000026.SZ,20260423,17.01,19.14,17.01,18.09,17.4,0.69,3.9655,290374.26,529785.865
000026.SZ,20260422,18.0,18.4,16.92,17.4,18.78,-1.38,-7.3482,272743.66,482437.231
000026.SZ,20260421,17.7,18.78,17.6,18.78,17.8,0.98,5.5056,293732.42,537401.964
000026.SZ,20260420,17.44,17.88,17.33,17.8,17.62,0.18,1.0216,183981.46,324563.779
000026.SZ,20260417,17.5,18.05,17.5,17.62,17.73,-0.11,-0.6204,187660.46,332260.948
000026.SZ,20260416,17.5,17.89,17.06,17.73,17.82,-0.09,-0.5051,363859.84,634260.251
000026.SZ,20260415,16.12,17.82,15.91,17.82,16.2,1.62,10.0,366135.69,627411.165
000026.SZ,20260414,17.0,17.51,15.93,16.2,16.41,-0.21,-1.2797,256352.46,423038.821
000026.SZ,20260413,15.75,16.41,15.16,16.41,14.92,1.49,9.9866,112227.37,179274.295
000026.SZ,20260410,14.7,15.41,14.6,14.92,14.63,0.29,1.9822,74387.0,111971.27
000026.SZ,20260409,14.65,14.74,14.48,14.63,14.73,-0.1,-0.6789,30752.0,44910.161
000026.SZ,20260408,14.45,14.75,14.37,14.73,14.29,0.44,3.0791,43705.8,63833.913
000026.SZ,20260407,14.55,14.55,14.15,14.29,14.4,-0.11,-0.7639,25839.09,36981.7
000026.SZ,20260403,14.54,14.68,14.12,14.4,14.41,-0.01,-0.0694,43528.01,62488.385
000026.SZ,20260402,14.08,14.6,14.01,14.41,14.07,0.34,2.4165,67641.44,96712.655
000026.SZ,20260401,14.1,14.15,13.9,14.07,13.92,0.15,1.0776,24177.0,33858.373
000026.SZ,20260331,14.28,14.39,13.84,13.92,14.17,-0.25,-1.7643,27613.0,38788.032
000026.SZ,20260330,14.09,14.33,14.04,14.17,14.34,-0.17,-1.1855,17925.0,25370.356
000026.SZ,20260327,14.08,14.37,13.95,14.34,14.2,0.14,0.9859,35368.0,50261.775
000026.SZ,20260326,14.45,14.68,14.07,14.2,14.36,-0.16,-1.1142,36559.63,52497.797
000026.SZ,20260325,13.78,14.75,13.69,14.36,13.74,0.62,4.5124,77452.01,110820.419
000026.SZ,20260324,13.52,13.78,13.31,13.74,13.16,0.58,4.4073,54798.0,74330.097
000026.SZ,20260323,13.5,13.73,13.03,13.16,13.93,-0.77,-5.5276,50553.5,67575.018
000026.SZ,20260320,14.17,14.28,13.88,13.93,14.12,-0.19,-1.3456,32353.09,45544.312
000026.SZ,20260319,14.3,14.48,14.04,14.12,14.52,-0.4,-2.7548,29622.0,42090.131
000026.SZ,20260318,14.34,14.55,14.25,14.52,14.34,0.18,1.2552,28147.0,40529.077
000026.SZ,20260317,14.63,14.63,14.23,14.34,14.56,-0.22,-1.511,31264.0,45141.522
000026.SZ,20260316,14.95,15.01,14.18,14.56,15.1,-0.54,-3.5762,88905.07,128628.034
000026.SZ,20260313,15.37,15.4,15.01,15.1,15.4,-0.3,-1.9481,37492.76,56985.858
000026.SZ,20260312,15.45,15.56,15.32,15.4,15.44,-0.04,-0.2591,32118.63,49599.935
000026.SZ,20260311,15.7,15.7,15.35,15.44,15.54,-0.1,-0.6435,32310.17,49905.397
000026.SZ,20260310,15.28,15.77,15.18,15.54,15.16,0.38,2.5066,39330.76,60877.56
000026.SZ,20260309,15.05,15.39,15.03,15.16,15.32,-0.16,-1.0444,39019.0,59153.819
000026.SZ,20260306,15.01,15.38,14.89,15.32,14.99,0.33,2.2015,35159.9,53319.102
000026.SZ,20260305,15.05,15.14,14.89,14.99,14.82,0.17,1.1471,36228.8,54388.817
000026.SZ,20260304,14.77,14.98,14.66,14.82,14.91,-0.09,-0.6036,36443.22,53984.924
000026.SZ,20260303,15.65,15.69,14.86,14.91,15.59,-0.68,-4.3618,59512.76,90484.332
000026.SZ,20260302,15.65,15.8,15.33,15.59,15.83,-0.24,-1.5161,61247.0,95217.138
000026.SZ,20260227,15.95,15.96,15.71,15.83,15.87,-0.04,-0.252,39136.0,61717.17
000026.SZ,20260226,15.79,16.07,15.73,15.87,15.68,0.19,1.2117,49725.58,79067.071
000026.SZ,20260225,15.81,15.81,15.61,15.68,15.72,-0.04,-0.2545,37921.0,59495.399
000026.SZ,20260224,15.62,15.82,15.5,15.72,15.43,0.29,1.8795,47586.4,74790.105
000026.SZ,20260213,15.37,15.58,15.36,15.43,15.44,-0.01,-0.0648,26216.4,40586.915
000026.SZ,20260212,15.77,15.77,15.38,15.44,15.69,-0.25,-1.5934,48992.01,75843.134
000026.SZ,20260211,15.75,15.92,15.57,15.69,15.65,0.04,0.2556,33758.0,53193.966
000026.SZ,20260210,15.68,15.9,15.63,15.65,15.65,0.0,0.0,47126.0,74183.33
000026.SZ,20260209,15.61,15.65,15.45,15.65,15.47,0.18,1.1635,35231.0,54853.458
000026.SZ,20260206,15.56,15.63,15.38,15.47,15.54,-0.07,-0.4505,37376.01,58022.617
000026.SZ,20260205,15.66,15.69,15.49,15.54,15.67,-0.13,-0.8296,27617.01,43007.305
000026.SZ,20260204,15.5,15.81,15.41,15.67,15.47,0.2,1.2928,40993.99,64133.004
000026.SZ,20260203,15.65,15.65,15.24,15.47,15.39,0.08,0.5198,39634.0,61022.936
000026.SZ,20260202,15.69,15.75,15.36,15.39,15.86,-0.47,-2.9634,51311.02,79977.443
000026.SZ,20260130,15.95,15.98,15.6,15.86,15.95,-0.09,-0.5643,41415.0,65452.991
000026.SZ,20260129,16.06,16.13,15.79,15.95,16.08,-0.13,-0.8085,74413.0,118663.477
000026.SZ,20260128,16.32,16.33,15.89,16.08,16.23,-0.15,-0.9242,80891.0,130406.77
000026.SZ,20260127,16.51,16.61,15.92,16.23,16.6,-0.37,-2.2289,82127.0,132882.994
000026.SZ,20260126,16.93,16.99,16.36,16.6,16.93,-0.33,-1.9492,89200.45,148569.238
000026.SZ,20260123,16.7,17.1,16.57,16.93,16.68,0.25,1.4988,76791.08,129841.389
000026.SZ,20260122,16.7,16.85,16.52,16.68,16.64,0.04,0.2404,54164.7,90289.725
000026.SZ,20260121,16.7,16.77,16.45,16.64,16.78,-0.14,-0.8343,57446.6,95600.206
000026.SZ,20260120,17.25,17.25,16.6,16.78,17.25,-0.47,-2.7246,88800.0,149846.227
000026.SZ,20260119,16.63,17.36,16.63,17.25,16.64,0.61,3.6659,138444.28,237549.618
000026.SZ,20260116,16.59,16.72,16.45,16.64,16.6,0.04,0.241,65040.18,107930.837
000026.SZ,20260115,16.94,16.95,16.48,16.6,16.95,-0.35,-2.0649,80287.02,133482.882
000026.SZ,20260114,16.75,17.3,16.71,16.95,16.76,0.19,1.1337,128572.61,219179.262
000026.SZ,20260113,17.65,17.65,16.68,16.76,17.41,-0.65,-3.7335,142792.9,242688.268
000026.SZ,20260112,17.4,17.67,17.13,17.41,17.4,0.01,0.0575,168981.17,293890.088
000026.SZ,20260109,17.18,17.47,16.78,17.4,17.18,0.22,1.2806,193416.72,330226.424
000026.SZ,20260108,16.74,17.77,16.63,17.18,16.75,0.43,2.5672,193174.06,330973.953
000026.SZ,20260107,16.71,17.28,16.55,16.75,16.7,0.05,0.2994,177251.97,300719.855
000026.SZ,20260106,16.4,16.77,16.38,16.7,16.4,0.3,1.8293,186613.86,309941.613
000026.SZ,20260105,16.57,16.57,16.15,16.4,16.38,0.02,0.1221,225649.68,368280.219
000026.SZ,20251231,14.99,16.38,14.96,16.38,14.89,1.49,10.0067,214683.34,339476.337
000026.SZ,20251230,15.24,15.24,14.82,14.89,15.12,-0.23,-1.5212,49255.0,73490.355
000026.SZ,20251229,15.23,15.24,15.03,15.12,15.22,-0.1,-0.657,33392.55,50438.493
000026.SZ,20251226,15.37,15.47,15.12,15.22,15.43,-0.21,-1.361,40159.0,61319.411
000026.SZ,20251225,15.15,15.6,15.12,15.43,15.15,0.28,1.8482,61575.0,94934.937
000026.SZ,20251224,15.17,15.2,14.98,15.15,15.12,0.03,0.1984,59855.0,90184.824
000026.SZ,20251223,15.3,15.3,15.01,15.12,15.33,-0.21,-1.3699,28256.05,42793.978
000026.SZ,20251222,15.61,15.61,15.27,15.33,15.53,-0.2,-1.2878,40185.01,61742.232
000026.SZ,20251219,15.41,15.68,15.27,15.53,15.31,0.22,1.437,55114.79,85598.708
000026.SZ,20251218,15.03,15.43,14.9,15.31,15.03,0.28,1.8629,43058.21,65897.063
000026.SZ,20251217,14.86,15.05,14.61,15.03,14.81,0.22,1.4855,32440.0,48119.622
000026.SZ,20251216,15.06,15.06,14.75,14.81,15.0,-0.19,-1.2667,24422.0,36291.461
000026.SZ,20251215,14.87,15.1,14.8,15.0,14.93,0.07,0.4689,33079.0,49593.271
000026.SZ,20251212,14.91,15.02,14.68,14.93,14.91,0.02,0.1341,43851.0,65150.643
000026.SZ,20251211,15.39,15.4,14.88,14.91,15.33,-0.42,-2.7397,45454.0,68197.367
000026.SZ,20251210,15.23,15.38,15.12,15.33,15.23,0.1,0.6566,23503.0,35898.228
000026.SZ,20251209,15.25,15.49,15.19,15.23,15.25,-0.02,-0.1311,31347.0,48102.113
000026.SZ,20251208,15.08,15.29,15.07,15.25,15.14,0.11,0.7266,30892.0,46963.897
000026.SZ,20251205,15.07,15.22,14.94,15.14,15.07,0.07,0.4645,35902.97,54207.101
000026.SZ,20251204,15.11,15.18,14.9,15.07,15.1,-0.03,-0.1987,27803.0,41864.672
000026.SZ,20251203,15.15,15.28,15.03,15.1,15.22,-0.12,-0.7884,23992.0,36257.788
000026.SZ,20251202,15.5,15.5,15.14,15.22,15.5,-0.28,-1.8065,34735.0,53062.375
000026.SZ,20251201,15.4,15.75,15.35,15.5,15.35,0.15,0.9772,39549.0,61437.106
000026.SZ,20251128,15.26,15.36,15.13,15.35,15.28,0.07,0.4581,23562.01,35893.702
000026.SZ,20251127,15.18,15.4,15.12,15.28,15.23,0.05,0.3283,21614.0,33073.26
000026.SZ,20251126,15.35,15.43,15.21,15.23,15.28,-0.05,-0.3272,23317.0,35696.216
000026.SZ,20251125,15.3,15.45,15.23,15.28,15.28,0.0,0.0,31108.0,47719.003
000026.SZ,20251124,14.96,15.41,14.8,15.28,14.96,0.32,2.139,37718.93,57276.272
000026.SZ,20251121,15.1,15.32,14.74,14.96,15.23,-0.27,-1.7728,56910.17,85464.996
000026.SZ,20251120,15.78,15.78,15.1,15.23,15.67,-0.44,-2.8079,49055.01,75228.574
000026.SZ,20251119,15.88,15.95,15.53,15.67,15.88,-0.21,-1.3224,29317.5,46014.172
000026.SZ,20251118,16.02,16.02,15.82,15.88,15.96,-0.08,-0.5013,19727.0,31363.058
000026.SZ,20251117,15.91,16.03,15.78,15.96,15.86,0.1,0.6305,26041.85,41465.698
000026.SZ,20251114,15.81,16.16,15.72,15.86,15.85,0.01,0.0631,37717.85,60292.571
000026.SZ,20251113,15.83,15.91,15.53,15.85,15.8,0.05,0.3165,55900.23,87830.641
000026.SZ,20251112,15.9,16.0,15.79,15.8,15.96,-0.16,-1.0025,33191.0,52618.199
000026.SZ,20251111,16.1,16.1,15.86,15.96,16.03,-0.07,-0.4367,35839.65,57241.481
000026.SZ,20251110,16.13,16.13,15.79,16.03,16.05,-0.02,-0.1246,38640.0,61575.849
000026.SZ,20251107,16.14,16.18,15.89,16.05,16.23,-0.18,-1.1091,50917.65,81634.811
000026.SZ,20251106,16.28,16.35,16.1,16.23,16.28,-0.05,-0.3071,42698.0,69281.461
000026.SZ,20251105,16.07,16.29,16.0,16.28,16.26,0.02,0.123,27164.03,44025.023
000026.SZ,20251104,16.34,16.37,16.12,16.26,16.34,-0.08,-0.4896,32616.8,52926.621
000026.SZ,20251103,16.48,16.48,16.18,16.34,16.34,0.0,0.0,45368.0,73897.979
000026.SZ,20251031,16.37,16.41,16.21,16.34,16.24,0.1,0.6158,33637.81,54925.651
000026.SZ,20251030,16.49,16.49,16.16,16.24,16.47,-0.23,-1.3965,50268.01,81848.497
000026.SZ,20251029,16.37,16.48,16.25,16.47,16.4,0.07,0.4268,39583.0,64866.926
000026.SZ,20251028,16.75,16.75,16.23,16.4,16.74,-0.34,-2.0311,80978.0,133010.842
000026.SZ,20251027,16.65,17.0,16.52,16.74,16.7,0.04,0.2395,63531.0,106421.759
000026.SZ,20251024,16.87,16.91,16.65,16.7,16.8,-0.1,-0.5952,62046.65,103925.67
000026.SZ,20251023,17.1,17.1,16.65,16.8,17.05,-0.25,-1.4663,77280.0,129772.701
000026.SZ,20251022,17.62,17.62,16.85,17.05,17.73,-0.68,-3.8353,178687.84,304668.847
000026.SZ,20251021,16.51,18.11,16.42,17.73,16.46,1.27,7.7157,251569.64,439357.39
000026.SZ,20251020,16.32,16.62,16.2,16.46,16.21,0.25,1.5423,40776.0,67152.914
000026.SZ,20251017,16.74,16.74,16.08,16.21,16.6,-0.39,-2.3494,43456.45,70931.518
000026.SZ,20251016,16.76,16.97,16.52,16.6,16.73,-0.13,-0.777,56140.2,94173.043
000026.SZ,20251015,16.53,16.98,16.3,16.73,16.44,0.29,1.764,63642.0,106143.403
000026.SZ,20251014,16.69,16.74,16.31,16.44,16.5,-0.06,-0.3636,55830.83,92436.678
000026.SZ,20251013,16.0,16.55,15.57,16.5,16.45,0.05,0.304,53040.4,85550.137
000026.SZ,20251010,16.32,16.68,16.28,16.45,16.4,0.05,0.3049,40871.0,67410.078
000026.SZ,20251009,16.45,16.45,16.18,16.4,16.32,0.08,0.4902,43117.0,70422.966
000026.SZ,20250930,16.44,16.49,16.2,16.32,16.27,0.05,0.3073,34662.0,56731.19
000026.SZ,20250929,16.4,16.42,16.09,16.27,16.42,-0.15,-0.9135,40181.05,65279.49
000026.SZ,20250926,16.45,16.56,16.25,16.42,16.56,-0.14,-0.8454,37593.0,61638.359
000026.SZ,20250925,16.42,16.88,16.33,16.56,16.51,0.05,0.3028,66701.9,110868.091
000026.SZ,20250924,16.68,16.68,16.32,16.51,16.53,-0.02,-0.121,47577.0,78296.31
000026.SZ,20250923,16.63,16.72,16.04,16.53,16.63,-0.1,-0.6013,62143.33,101521.851
000026.SZ,20250922,17.18,17.18,16.47,16.63,17.04,-0.41,-2.4061,70516.0,117525.312
000026.SZ,20250919,17.41,17.41,16.9,17.04,17.35,-0.31,-1.7867,50020.0,85427.292
000026.SZ,20250918,17.83,17.94,17.08,17.35,17.81,-0.46,-2.5828,94275.0,165765.578
000026.SZ,20250917,17.73,18.0,17.5,17.81,17.88,-0.07,-0.3915,84260.75,149694.626
000026.SZ,20250916,17.04,17.98,16.86,17.88,16.95,0.93,5.4867,175494.84,308703.925
000026.SZ,20250915,17.01,17.07,16.8,16.95,17.08,-0.13,-0.7611,52852.0,89478.085
000026.SZ,20250912,17.1,17.13,16.81,17.08,17.03,0.05,0.2936,76207.82,129426.65
000026.SZ,20250911,17.12,17.12,16.78,17.03,17.0,0.03,0.1765,68468.0,115934.105
000026.SZ,20250910,17.04,17.15,16.81,17.0,17.08,-0.08,-0.4684,58962.98,100243.27
000026.SZ,20250909,16.82,17.39,16.7,17.08,16.82,0.26,1.5458,120057.26,205696.49
000026.SZ,20250908,16.71,16.84,16.56,16.82,16.71,0.11,0.6583,72587.03,121202.518
000026.SZ,20250905,16.28,16.82,16.08,16.71,16.21,0.5,3.0845,83463.72,137605.927
000026.SZ,20250904,16.98,16.98,16.01,16.21,16.92,-0.71,-4.1962,101749.0,167989.758
000026.SZ,20250903,17.86,17.86,16.87,16.92,18.12,-1.2,-6.6225,136446.75,236540.227
000026.SZ,20250902,17.71,18.38,16.8,18.12,17.54,0.58,3.3067,236566.2,413013.692
000026.SZ,20250901,17.61,17.92,17.42,17.54,17.47,0.07,0.4007,99055.89,174692.005
000026.SZ,20250829,17.54,17.8,17.18,17.47,17.58,-0.11,-0.6257,110767.9,193098.444
000026.SZ,20250828,18.0,18.35,16.84,17.58,18.3,-0.72,-3.9344,229382.63,401551.835
000026.SZ,20250827,19.2,19.2,18.3,18.3,19.09,-0.79,-4.1383,134837.17,254642.892
000026.SZ,20250826,19.3,19.4,19.01,19.09,19.46,-0.37,-1.9013,164096.7,314659.192
000026.SZ,20250825,18.69,19.66,18.58,19.46,18.82,0.64,3.4006,292203.19,558506.2
000026.SZ,20250822,18.98,18.99,18.45,18.82,18.97,-0.15,-0.7907,172942.05,323331.321
000026.SZ,20250821,19.15,19.24,18.5,18.97,19.12,-0.15,-0.7845,181566.5,341858.355
000026.SZ,20250820,18.95,19.25,18.8,19.12,18.99,0.13,0.6846,161021.25,307350.3
000026.SZ,20250819,19.74,19.74,18.95,18.99,19.73,-0.74,-3.7506,259597.5,496887.809
000026.SZ,20250818,19.67,19.87,18.76,19.73,19.99,-0.26,-1.3007,362011.79,699521.834
000026.SZ,20250815,19.5,20.11,19.07,19.99,19.63,0.36,1.8339,332753.88,653388.769
000026.SZ,20250814,21.29,21.5,19.56,19.63,21.73,-2.1,-9.6641,500881.03,1015723.786
000026.SZ,20250813,21.99,23.07,20.5,21.73,21.44,0.29,1.3526,685244.61,1487931.335
000026.SZ,20250812,20.01,21.44,19.5,21.44,19.49,1.95,10.0051,562651.19,1139731.87
000026.SZ,20250811,17.38,19.49,17.38,19.49,17.72,1.77,9.9887,144249.86,274870.187
000026.SZ,20250808,19.45,19.65,17.51,17.72,18.87,-1.15,-6.0943,554828.14,1017782.583
000026.SZ,20250807,17.15,18.87,17.14,18.87,17.15,1.72,10.0292,418704.48,763652.54
000026.SZ,20250806,16.8,17.56,16.79,17.15,16.96,0.19,1.1203,260179.99,447638.204
000026.SZ,20250805,17.87,17.95,16.9,16.96,17.67,-0.71,-4.0181,307342.89,529344.521
000026.SZ,20250804,16.76,18.0,16.34,17.67,16.45,1.22,7.4164,315667.99,542062.621
000026.SZ,20250801,16.59,16.85,16.18,16.45,16.6,-0.15,-0.9036,140944.0,231587.443
000026.SZ,20250731,16.9,17.09,16.51,16.6,16.9,-0.3,-1.7751,143955.1,241102.421
000026.SZ,20250730,17.86,17.99,16.68,16.9,17.88,-0.98,-5.481,196650.47,337897.841
000026.SZ,20250729,17.1,17.93,16.81,17.88,17.42,0.46,2.6406,211143.64,366804.246
000026.SZ,20250728,17.6,18.78,17.17,17.42,17.44,-0.02,-0.1147,307778.61,553800.377
000026.SZ,20250725,17.48,17.64,17.22,17.44,17.48,-0.04,-0.2288,101691.17,177177.956
000026.SZ,20250724,17.28,17.67,17.01,17.48,17.37,0.11,0.6333,156919.99,272154.759
000026.SZ,20250723,17.22,17.71,17.06,17.37,17.75,-0.38,-2.1408,219866.56,380835.168
000026.SZ,20250722,18.0,19.16,17.55,17.75,18.51,-0.76,-4.1059,350817.84,640517.701
000026.SZ,20250721,17.72,18.88,17.26,18.51,17.16,1.35,7.8671,430453.32,786863.605
000026.SZ,20250718,17.5,17.76,16.95,17.16,17.61,-0.45,-2.5554,258564.97,445364.66
000026.SZ,20250717,16.41,17.86,16.26,17.61,16.41,1.2,7.3126,392110.32,673308.159
000026.SZ,20250716,16.29,16.72,15.93,16.41,16.45,-0.04,-0.2432,202125.73,329287.377
000026.SZ,20250715,16.66,17.5,16.17,16.45,16.46,-0.01,-0.0608,275771.5,458776.433
000026.SZ,20250714,16.4,16.75,16.25,16.46,16.45,0.01,0.0608,203780.8,335069.956
000026.SZ,20250711,16.25,16.75,16.07,16.45,16.48,-0.03,-0.182,260522.14,424707.561
000026.SZ,20250710,17.18,17.34,16.08,16.48,17.4,-0.92,-5.2874,414812.01,684864.874
000026.SZ,20250709,16.94,18.45,16.55,17.4,16.77,0.63,3.7567,641219.39,1135253.196
000026.SZ,20250708,17.38,17.39,16.48,16.77,17.16,-0.39,-2.2727,287454.65,481605.732
000026.SZ,20250707,17.1,17.81,16.82,17.16,17.48,-0.32,-1.8307,366486.55,632357.508
000026.SZ,20250704,18.52,18.94,16.92,17.48,18.8,-1.32,-7.0213,615297.95,1086097.853
000026.SZ,20250703,17.7,18.99,17.3,18.8,18.16,0.64,3.5242,694407.3,1260458.209
000026.SZ,20250702,16.28,18.16,16.1,18.16,16.51,1.65,9.9939,870001.61,1548791.482
000026.SZ,20250701,17.4,17.4,16.11,16.51,15.82,0.69,4.3616,852026.09,1451644.273
000026.SZ,20250630,15.82,15.82,15.82,15.82,14.38,1.44,10.0139,84559.15,133772.575
000026.SZ,20250627,13.1,14.38,12.71,14.38,13.07,1.31,10.023,524967.11,730161.383
000026.SZ,20250626,11.83,13.07,11.79,13.07,11.88,1.19,10.0168,262710.0,328360.655
000026.SZ,20250625,11.61,12.06,11.58,11.88,11.53,0.35,3.0356,193457.9,229377.517
000026.SZ,20250624,11.56,11.72,11.48,11.53,11.51,0.02,0.1738,131444.6,152061.416
000026.SZ,20250623,11.23,11.59,11.12,11.51,11.25,0.26,2.3111,127894.46,145941.914
000026.SZ,20250620,11.5,11.56,11.22,11.25,11.46,-0.21,-1.8325,70573.0,80021.02
000026.SZ,20250619,11.65,11.74,11.42,11.46,11.75,-0.29,-2.4681,75792.61,87627.094
000026.SZ,20250618,11.7,11.78,11.48,11.75,11.76,-0.01,-0.085,108721.71,126594.277
000026.SZ,20250617,11.9,11.93,11.58,11.76,11.89,-0.13,-1.0934,129769.0,151669.434
000026.SZ,20250616,11.97,11.98,11.83,11.89,11.89,0.0,0.0,81290.0,96677.577
000026.SZ,20250613,12.3,12.43,11.8,11.89,12.31,-0.42,-3.4119,144323.67,173564.722
000026.SZ,20250612,12.41,12.49,12.23,12.31,12.39,-0.08,-0.6457,95725.0,117963.684
000026.SZ,20250611,12.53,12.56,12.33,12.39,12.45,-0.06,-0.4819,118087.01,146580.884
000026.SZ,20250610,13.25,13.25,11.98,12.45,13.11,-0.66,-5.0343,296336.28,368260.468
000026.SZ,20250609,12.92,13.28,12.71,13.11,12.94,0.17,1.3138,161966.6,211247.53
000026.SZ,20250606,13.32,13.32,12.51,12.94,13.32,-0.38,-2.8529,290751.09,372972.559
000026.SZ,20250605,13.93,13.93,13.32,13.32,14.8,-1.48,-10.0,88140.0,117894.776
000026.SZ,20250604,14.72,14.83,14.38,14.8,14.71,0.09,0.6118,117452.88,171800.277
000026.SZ,20250603,14.17,14.95,14.0,14.71,14.2,0.51,3.5915,151090.63,219014.181
000026.SZ,20250530,14.37,14.47,13.88,14.2,14.38,-0.18,-1.2517,148677.8,209856.023
000026.SZ,20250529,14.3,14.45,13.85,14.38,14.34,0.04,0.2789,233256.17,331026.45
000026.SZ,20250528,13.78,14.48,13.77,14.34,13.77,0.57,4.1394,284029.22,401032.208
000026.SZ,20250527,13.75,14.54,13.4,14.17,13.65,0.52,3.8095,385645.1,538500.206
000026.SZ,20250526,12.68,13.79,12.68,13.65,12.54,1.11,8.8517,418059.51,565442.802
000026.SZ,20250523,13.12,13.12,12.43,12.54,13.13,-0.59,-4.4935,189337.57,240760.834
000026.SZ,20250522,13.03,13.41,12.81,13.13,12.93,0.2,1.5468,179581.77,236777.899
000026.SZ,20250521,13.13,13.18,12.62,12.93,13.05,-0.12,-0.9195,144971.85,187155.177
000026.SZ,20250520,12.83,13.44,12.65,13.05,12.76,0.29,2.2727,244233.32,318379.826
000026.SZ,20250519,12.86,13.05,12.56,12.76,12.08,0.68,5.6291,324327.63,414451.552
000026.SZ,20250516,11.21,12.37,11.15,12.08,11.25,0.83,7.3778,333871.74,394683.681
000026.SZ,20250515,11.53,11.64,11.18,11.25,11.64,-0.39,-3.3505,204873.26,231010.315
000026.SZ,20250514,11.52,12.07,11.52,11.64,11.63,0.01,0.086,256512.24,299515.262
000026.SZ,20250513,11.9,12.1,11.42,11.63,12.14,-0.51,-4.201,420962.8,493464.005
000026.SZ,20250512,12.06,12.78,11.88,12.14,11.62,0.52,4.475,645167.18,801107.821
000026.SZ,20250509,11.53,11.62,11.08,11.62,10.56,1.06,10.0379,224435.68,259447.603
000026.SZ,20250508,10.35,10.57,10.31,10.56,10.41,0.15,1.4409,45363.71,47455.759
000026.SZ,20250507,10.43,10.54,10.31,10.41,10.3,0.11,1.068,55968.8,58256.755
000026.SZ,20250506,10.22,10.3,10.18,10.3,10.21,0.09,0.8815,45208.01,46281.309
000026.SZ,20250430,10.27,10.37,10.17,10.21,10.31,-0.1,-0.9699,46381.0,47535.113
000026.SZ,20250429,10.19,10.35,10.08,10.31,10.17,0.14,1.3766,34217.9,35209.291
000026.SZ,20250428,10.3,10.38,10.12,10.17,10.3,-0.13,-1.2621,39633.0,40485.107
000026.SZ,20250425,10.28,10.35,10.15,10.3,10.3,0.0,0.0,44021.0,45239.51
000026.SZ,20250424,10.3,10.47,10.26,10.3,10.37,-0.07,-0.675,48434.0,50217.255
000026.SZ,20250423,10.39,10.44,10.32,10.37,10.34,0.03,0.2901,35401.0,36752.368
000026.SZ,20250422,10.23,10.34,10.2,10.34,10.26,0.08,0.7797,32950.0,33818.32
000026.SZ,20250421,10.16,10.26,10.08,10.26,10.16,0.1,0.9843,36997.0,37694.373
000026.SZ,20250418,10.29,10.37,10.13,10.16,10.38,-0.22,-2.1195,49797.68,50843.122
000026.SZ,20250417,10.31,10.48,10.28,10.38,10.34,0.04,0.3868,53078.0,55212.425
000026.SZ,20250416,10.39,10.43,10.13,10.34,10.39,-0.05,-0.4812,40752.0,41879.522
000026.SZ,20250415,10.22,10.39,10.19,10.39,10.26,0.13,1.2671,43283.4,44666.017
000026.SZ,20250414,10.15,10.34,10.13,10.26,10.07,0.19,1.8868,43519.34,44632.938
000026.SZ,20250411,10.0,10.18,9.96,10.07,9.99,0.08,0.8008,46786.0,47150.499
000026.SZ,20250410,9.85,10.21,9.85,9.99,9.76,0.23,2.3566,90492.0,90837.655
000026.SZ,20250409,9.43,9.84,8.99,9.76,9.52,0.24,2.521,85410.34,80655.973
000026.SZ,20250408,9.87,9.94,9.34,9.52,9.88,-0.36,-3.6437,103254.8,98937.481
000026.SZ,20250407,10.38,10.58,9.88,9.88,10.98,-1.1,-10.0182,76509.0,76742.736
000026.SZ,20250403,10.96,11.05,10.88,10.98,11.07,-0.09,-0.813,38840.0,42586.133
000026.SZ,20250402,11.0,11.15,10.94,11.07,11.03,0.04,0.3626,35742.0,39491.335
000026.SZ,20250401,10.95,11.18,10.95,11.03,10.96,0.07,0.6387,41219.0,45666.84
000026.SZ,20250331,11.0,11.1,10.83,10.96,11.05,-0.09,-0.8145,58174.0,63683.425
000026.SZ,20250328,11.15,11.18,11.0,11.05,11.16,-0.11,-0.9857,44159.0,48876.64
000026.SZ,20250327,11.3,11.3,11.04,11.16,11.29,-0.13,-1.1515,54534.0,60776.237
000026.SZ,20250326,11.23,11.33,11.14,11.29,11.24,0.05,0.4448,63276.0,71165.392
000026.SZ,20250325,11.09,11.37,11.0,11.24,11.09,0.15,1.3526,67011.8,75161.498
000026.SZ,20250324,11.15,11.39,10.89,11.09,11.12,-0.03,-0.2698,81886.0,91077.279
000026.SZ,20250321,11.46,11.47,11.06,11.12,11.37,-0.25,-2.1988,75136.43,84281.603
000026.SZ,20250320,11.34,11.49,11.28,11.37,11.45,-0.08,-0.6987,91124.6,103706.266
000026.SZ,20250319,11.1,11.59,11.09,11.45,11.09,0.36,3.2462,183401.43,208923.86
000026.SZ,20250318,11.08,11.12,10.94,11.09,11.11,-0.02,-0.18,96200.06,105871.633
000026.SZ,20250317,11.03,11.26,11.03,11.11,11.03,0.08,0.7253,153924.21,171579.233
000026.SZ,20250314,10.93,11.08,10.83,11.03,10.94,0.09,0.8227,108236.01,118405.579
000026.SZ,20250313,11.11,11.11,10.75,10.94,11.11,-0.17,-1.5302,65614.0,71579.638
000026.SZ,20250312,11.07,11.4,11.01,11.11,11.07,0.04,0.3613,130281.43,144792.729
000026.SZ,20250311,10.92,11.07,10.85,11.07,11.01,0.06,0.545,62491.8,68457.843
000026.SZ,20250310,11.05,11.1,10.89,11.01,10.99,0.02,0.182,50238.83,55130.565
000026.SZ,20250307,10.98,11.16,10.91,10.99,10.96,0.03,0.2737,57408.6,63274.094
000026.SZ,20250306,10.92,11.09,10.83,10.96,10.89,0.07,0.6428,99074.1,108731.754
000026.SZ,20250305,10.89,10.95,10.73,10.89,10.89,0.0,0.0,54439.61,59052.023
000026.SZ,20250304,10.86,10.92,10.8,10.89,10.86,0.03,0.2762,69415.42,75308.853
000026.SZ,20250303,10.98,11.07,10.75,10.86,10.92,-0.06,-0.5495,79121.38,85995.328
000026.SZ,20250228,11.0,11.25,10.86,10.92,11.13,-0.21,-1.8868,130229.82,143360.263
000026.SZ,20250227,10.45,11.19,10.41,11.13,10.42,0.71,6.8138,188597.2,205282.217
000026.SZ,20250226,10.3,10.49,10.3,10.42,10.33,0.09,0.8712,57702.94,60095.123
000026.SZ,20250225,10.35,10.42,10.26,10.33,10.39,-0.06,-0.5775,43173.87,44593.768
000026.SZ,20250224,10.52,10.55,10.33,10.39,10.52,-0.13,-1.2357,71882.6,74895.728
000026.SZ,20250221,10.46,10.67,10.38,10.52,10.52,0.0,0.0,73829.24,77521.961
000026.SZ,20250220,10.36,10.53,10.26,10.52,10.33,0.19,1.8393,66909.83,69871.583
000026.SZ,20250219,10.2,10.34,10.15,10.33,10.19,0.14,1.3739,42808.02,43803.945
000026.SZ,20250218,10.38,10.43,10.13,10.19,10.38,-0.19,-1.8304,36035.4,37133.448
000026.SZ,20250217,10.35,10.4,10.28,10.38,10.32,0.06,0.5814,43178.0,44628.324
000026.SZ,20250214,10.4,10.4,10.27,10.32,10.36,-0.04,-0.3861,34076.6,35183.323
000026.SZ,20250213,10.43,10.49,10.33,10.36,10.47,-0.11,-1.0506,58988.0,61422.721
000026.SZ,20250212,10.45,10.54,10.32,10.47,10.49,-0.02,-0.1907,56949.64,59314.48
000026.SZ,20250211,10.4,10.55,10.36,10.49,10.37,0.12,1.1572,56763.78,59322.235
000026.SZ,20250210,10.23,10.42,10.16,10.37,10.21,0.16,1.5671,71013.6,72974.555
000026.SZ,20250207,10.1,10.36,10.07,10.21,10.12,0.09,0.8893,70267.4,71550.519
000026.SZ,20250206,9.96,10.12,9.9,10.12,9.96,0.16,1.6064,48279.54,48314.649
000026.SZ,20250205,10.09,10.09,9.87,9.96,10.03,-0.07,-0.6979,30159.34,30057.202
000026.SZ,20250127,9.99,10.19,9.96,10.03,9.96,0.07,0.7028,28989.0,29278.182
000026.SZ,20250124,9.79,9.97,9.72,9.96,9.8,0.16,1.6327,31345.67,30885.321
000026.SZ,20250123,9.84,9.92,9.77,9.8,9.79,0.01,0.1021,29184.24,28783.997
000026.SZ,20250122,9.9,9.93,9.73,9.79,9.93,-0.14,-1.4099,25288.0,24753.977
000026.SZ,20250121,10.05,10.06,9.83,9.93,9.99,-0.06,-0.6006,24755.01,24497.788
000026.SZ,20250120,9.99,10.05,9.87,9.99,9.86,0.13,1.3185,28641.99,28600.724
000026.SZ,20250117,9.91,9.91,9.79,9.86,9.91,-0.05,-0.5045,30042.0,29575.775
000026.SZ,20250116,9.89,10.05,9.83,9.91,9.84,0.07,0.7114,30473.0,30295.891
000026.SZ,20250115,9.75,9.91,9.72,9.84,9.8,0.04,0.4082,38195.0,37478.286
000026.SZ,20250114,9.53,9.8,9.51,9.8,9.52,0.28,2.9412,45685.0,44239.549
000026.SZ,20250113,9.39,9.54,9.18,9.52,9.45,0.07,0.7407,43456.99,40820.704
000026.SZ,20250110,9.68,9.72,9.43,9.45,9.7,-0.25,-2.5773,53076.0,50747.115
000026.SZ,20250109,9.73,9.82,9.64,9.7,9.8,-0.1,-1.0204,47946.0,46573.277
000026.SZ,20250108,9.83,9.87,9.5,9.8,9.86,-0.06,-0.6085,36638.0,35621.399
000026.SZ,20250107,9.75,9.87,9.65,9.86,9.73,0.13,1.3361,33246.24,32448.984
000026.SZ,20250106,9.8,9.87,9.48,9.73,9.83,-0.1,-1.0173,47779.0,46334.414
000026.SZ,20250103,10.32,10.38,9.79,9.83,10.3,-0.47,-4.5631,51757.0,51812.322
000026.SZ,20250102,10.37,10.6,10.19,10.3,10.37,-0.07,-0.675,47077.0,49057.275
000026.SZ,20241231,10.64,10.67,10.33,10.37,10.6,-0.23,-2.1698,47593.4,49831.779
000026.SZ,20241230,10.72,10.75,10.58,10.6,10.81,-0.21,-1.9426,34271.0,36473.646
000026.SZ,20241227,10.77,10.88,10.65,10.81,10.68,0.13,1.2172,37482.0,40487.4
000026.SZ,20241226,10.48,10.71,10.45,10.68,10.5,0.18,1.7143,38797.0,41308.989
000026.SZ,20241225,10.68,10.69,10.35,10.5,10.7,-0.2,-1.8692,49823.01,52242.663
000026.SZ,20241224,10.55,10.74,10.43,10.7,10.51,0.19,1.8078,57142.0,60447.094
000026.SZ,20241223,11.12,11.12,10.47,10.51,11.03,-0.52,-4.7144,70476.01,75401.402
000026.SZ,20241220,10.93,11.16,10.93,11.03,10.96,0.07,0.6387,41307.0,45642.866
000026.SZ,20241219,10.99,11.03,10.79,10.96,11.04,-0.08,-0.7246,49790.0,54306.884
000026.SZ,20241218,10.96,11.2,10.81,11.04,10.92,0.12,1.0989,52284.1,57665.569
000026.SZ,20241217,11.32,11.43,10.83,10.92,11.35,-0.43,-3.7885,72631.0,79846.144
000026.SZ,20241216,11.54,11.69,11.25,11.35,11.53,-0.18,-1.5611,71250.0,81502.783
000026.SZ,20241213,11.46,11.78,11.3,11.53,11.45,0.08,0.6987,97063.07,112161.91
000026.SZ,20241212,11.29,11.51,11.27,11.45,11.35,0.1,0.8811,74658.0,85144.564
000026.SZ,20241211,10.95,11.4,10.92,11.35,10.97,0.38,3.464,107953.12,121409.626
000026.SZ,20241210,11.18,11.19,10.89,10.97,10.96,0.01,0.0912,85294.0,93848.982
000026.SZ,20241209,11.18,11.26,10.85,10.96,11.18,-0.22,-1.9678,89642.0,99041.412
000026.SZ,20241206,11.12,11.28,11.02,11.18,11.11,0.07,0.6301,76699.0,85351.496
000026.SZ,20241205,11.07,11.19,10.98,11.11,11.1,0.01,0.0901,63880.01,70817.803
000026.SZ,20241204,10.97,11.33,10.87,11.1,11.01,0.09,0.8174,115719.0,128605.111
000026.SZ,20241203,10.88,11.04,10.82,11.01,10.87,0.14,1.2879,90261.01,98868.135
000026.SZ,20241202,10.71,10.95,10.71,10.87,10.7,0.17,1.5888,80435.01,87106.323
000026.SZ,20241129,10.72,10.8,10.61,10.7,10.71,-0.01,-0.0934,91930.91,98499.177
000026.SZ,20241128,10.45,11.18,10.43,10.71,10.45,0.26,2.488,149967.01,162823.76
000026.SZ,20241127,10.3,10.45,10.12,10.45,10.35,0.1,0.9662,49679.0,51256.118
000026.SZ,20241126,10.23,10.39,10.23,10.35,10.27,0.08,0.779,46667.27,48203.513
000026.SZ,20241125,10.07,10.3,10.05,10.27,10.1,0.17,1.6832,42163.0,43090.847
000026.SZ,20241122,10.51,10.55,10.09,10.1,10.5,-0.4,-3.8095,51697.54,53434.502
000026.SZ,20241121,10.41,10.55,10.39,10.5,10.47,0.03,0.2865,72457.0,75801.978
000026.SZ,20241120,10.38,10.48,10.29,10.47,10.37,0.1,0.9643,49391.0,51391.315
000026.SZ,20241119,10.3,10.38,10.11,10.37,10.3,0.07,0.6796,52869.0,54277.901
000026.SZ,20241118,10.42,10.61,10.19,10.3,10.28,0.02,0.1946,86522.18,90226.473
000026.SZ,20241115,10.45,10.57,10.27,10.28,10.43,-0.15,-1.4382,51694.0,53960.929
000026.SZ,20241114,10.71,10.71,10.39,10.43,10.7,-0.27,-2.5234,54046.04,56930.974
000026.SZ,20241113,10.53,10.73,10.47,10.7,10.61,0.09,0.8483,61834.0,65728.46
000026.SZ,20241112,10.76,10.85,10.51,10.61,10.78,-0.17,-1.577,96040.0,102744.033
000026.SZ,20241111,10.82,10.84,10.68,10.78,10.77,0.01,0.0929,74924.85,80637.715
000026.SZ,20241108,10.88,10.93,10.63,10.77,10.88,-0.11,-1.011,85994.22,92773.811
000026.SZ,20241107,10.7,10.88,10.62,10.88,10.75,0.13,1.2093,104199.24,112444.151
000026.SZ,20241106,10.8,10.86,10.64,10.75,10.79,-0.04,-0.3707,68417.22,73564.833
000026.SZ,20241105,10.6,10.9,10.53,10.79,10.58,0.21,1.9849,88202.0,94420.791
000026.SZ,20241104,10.35,10.65,10.35,10.58,10.41,0.17,1.633,51123.02,53667.122
000026.SZ,20241101,10.85,10.94,10.28,10.41,10.83,-0.42,-3.8781,98881.54,103923.635
000026.SZ,20241031,10.33,11.25,10.3,10.83,10.33,0.5,4.8403,158876.21,170764.758
000026.SZ,20241030,10.28,10.47,10.21,10.33,10.34,-0.01,-0.0967,51054.33,52803.604
000026.SZ,20241029,10.53,10.66,10.3,10.34,10.57,-0.23,-2.176,74669.9,78235.595
000026.SZ,20241028,10.44,10.6,10.33,10.57,10.45,0.12,1.1483,88504.22,92552.514
000026.SZ,20241025,10.35,10.49,10.24,10.45,10.19,0.26,2.5515,81005.43,84222.382
000026.SZ,20241024,9.98,10.35,9.96,10.19,9.99,0.2,2.002,83670.0,85239.088
000026.SZ,20241023,10.09,10.15,9.98,9.99,10.16,-0.17,-1.6732,64608.0,64885.832
000026.SZ,20241022,9.77,10.43,9.75,10.16,9.78,0.38,3.8855,135451.32,135051.453
000026.SZ,20241021,9.84,9.88,9.71,9.78,9.81,-0.03,-0.3058,82275.77,80554.002
000026.SZ,20241018,9.57,9.94,9.5,9.81,9.53,0.28,2.9381,67804.39,65845.33
000026.SZ,20241017,9.68,9.78,9.53,9.53,9.65,-0.12,-1.2435,31393.71,30344.475
000026.SZ,20241016,9.58,9.72,9.54,9.65,9.63,0.02,0.2077,32893.3,31704.101
000026.SZ,20241015,9.82,9.85,9.59,9.63,9.84,-0.21,-2.1341,49213.0,47909.88
000026.SZ,20241014,9.71,9.87,9.6,9.84,9.71,0.13,1.3388,52218.14,51018.723
000026.SZ,20241011,10.08,10.1,9.58,9.71,10.06,-0.35,-3.4791,68511.09,67193.554
000026.SZ,20241010,10.0,10.23,9.81,10.06,9.96,0.1,1.004,79065.7,79607.432
000026.SZ,20241009,10.7,10.75,9.96,9.96,10.95,-0.99,-9.0411,98505.01,101280.0
000026.SZ,20241008,11.46,11.46,10.38,10.95,10.43,0.52,4.9856,156582.37,170111.617
000026.SZ,20240930,9.97,10.57,9.77,10.43,9.73,0.7,7.1942,141491.4,144066.507
000026.SZ,20240927,9.59,9.83,9.44,9.73,9.4,0.33,3.5106,83796.01,80496.605
000026.SZ,20240926,9.18,9.4,9.14,9.4,9.19,0.21,2.2851,45494.0,42346.351
000026.SZ,20240925,9.2,9.36,9.12,9.19,9.12,0.07,0.7675,53178.0,49157.87
000026.SZ,20240924,8.96,9.12,8.9,9.12,8.93,0.19,2.1277,41611.31,37584.008
000026.SZ,20240923,8.89,8.94,8.85,8.93,8.91,0.02,0.2245,14565.0,12977.706
000026.SZ,20240920,8.96,8.98,8.84,8.91,8.93,-0.02,-0.224,15818.0,14083.319
000026.SZ,20240919,8.8,8.95,8.76,8.93,8.77,0.16,1.8244,25902.0,23037.477
000026.SZ,20240918,8.76,8.78,8.58,8.77,8.77,0.0,0.0,17566.49,15239.866
000026.SZ,20240913,8.8,8.83,8.71,8.77,8.8,-0.03,-0.3409,16414.03,14395.131
000026.SZ,20240912,8.8,8.85,8.75,8.8,8.81,-0.01,-0.1135,14289.73,12569.497
000026.SZ,20240911,8.83,8.87,8.76,8.81,8.87,-0.06,-0.6764,14602.02,12858.614
000026.SZ,20240910,8.88,8.89,8.69,8.87,8.85,0.02,0.226,20791.0,18309.147
000026.SZ,20240909,8.89,8.91,8.78,8.85,8.9,-0.05,-0.5618,14908.0,13161.231
000026.SZ,20240906,9.0,9.02,8.85,8.9,8.98,-0.08,-0.8909,23592.0,21085.954
000026.SZ,20240905,8.95,9.02,8.9,8.98,8.95,0.03,0.3352,22260.4,19940.598
000026.SZ,20240904,8.96,9.0,8.88,8.95,9.03,-0.08,-0.8859,23564.0,21041.77
000026.SZ,20240903,8.96,9.05,8.9,9.03,8.95,0.08,0.8939,31228.31,27991.703
000026.SZ,20240902,9.09,9.13,8.92,8.95,9.17,-0.22,-2.3991,53365.08,47989.175
000026.SZ,20240830,9.05,9.37,9.04,9.17,9.01,0.16,1.7758,82043.87,75211.672
000026.SZ,20240829,8.84,9.01,8.78,9.01,8.81,0.2,2.2701,35348.01,31666.093
000026.SZ,20240828,8.72,8.87,8.7,8.81,8.7,0.11,1.2644,21638.02,19034.141
000026.SZ,20240827,8.66,8.76,8.64,8.7,8.76,-0.06,-0.6849,20418.0,17754.593
000026.SZ,20240826,8.71,8.8,8.62,8.76,8.75,0.01,0.1143,18677.98,16290.882
000026.SZ,20240823,8.6,8.88,8.55,8.75,8.76,-0.01,-0.1142,43257.0,37543.019
000026.SZ,20240822,8.7,9.08,8.62,8.76,8.67,0.09,1.0381,54201.36,47903.07
000026.SZ,20240821,8.75,8.82,8.58,8.67,8.74,-0.07,-0.8009,22931.59,19943.799
000026.SZ,20240820,8.91,8.91,8.66,8.74,8.91,-0.17,-1.908,24894.47,21807.831
000026.SZ,20240819,8.85,8.95,8.83,8.91,8.89,0.02,0.225,15973.29,14211.175
000026.SZ,20240816,8.9,9.04,8.84,8.89,8.9,-0.01,-0.1124,25571.0,22802.696
000026.SZ,20240815,8.89,8.97,8.8,8.9,8.89,0.01,0.1125,13063.0,11645.61
000026.SZ,20240814,8.93,8.99,8.85,8.89,8.94,-0.05,-0.5593,15366.52,13701.789
000026.SZ,20240813,8.93,8.97,8.85,8.94,8.91,0.03,0.3367,10605.86,9449.836
000026.SZ,20240812,8.95,8.97,8.86,8.91,8.98,-0.07,-0.7795,12713.07,11332.08
000026.SZ,20240809,9.07,9.09,8.96,8.98,9.04,-0.06,-0.6637,17583.86,15852.073
000026.SZ,20240808,8.95,9.05,8.89,9.04,8.99,0.05,0.5562,16240.0,14640.745
000026.SZ,20240807,9.04,9.04,8.93,8.99,8.98,0.01,0.1114,14782.97,13285.082
000026.SZ,20240806,8.88,9.0,8.88,8.98,8.84,0.14,1.5837,14664.0,13108.491
000026.SZ,20240805,8.92,9.03,8.8,8.84,8.96,-0.12,-1.3393,16592.97,14796.481
000026.SZ,20240802,9.01,9.08,8.91,8.96,9.04,-0.08,-0.885,23352.44,21008.701
000026.SZ,20240801,9.1,9.11,8.99,9.04,9.1,-0.06,-0.6593,21342.67,19318.221
000026.SZ,20240731,8.92,9.1,8.89,9.1,8.9,0.2,2.2472,30320.0,27409.855
000026.SZ,20240730,8.77,9.02,8.74,8.9,8.77,0.13,1.4823,19971.0,17714.077
000026.SZ,20240729,8.8,8.84,8.75,8.77,8.81,-0.04,-0.454,8893.0,7822.334
000026.SZ,20240726,8.64,8.81,8.64,8.81,8.66,0.15,1.7321,15652.0,13709.814
000026.SZ,20240725,8.62,8.69,8.52,8.66,8.61,0.05,0.5807,10170.0,8762.87
000026.SZ,20240724,8.67,8.7,8.55,8.61,8.7,-0.09,-1.0345,15581.0,13416.768
000026.SZ,20240723,8.77,8.82,8.68,8.7,8.83,-0.13,-1.4723,10934.0,9546.104
000026.SZ,20240722,8.84,8.85,8.73,8.83,8.83,0.0,0.0,14775.01,12962.829
000026.SZ,20240719,8.8,8.87,8.76,8.83,8.84,-0.01,-0.1131,12479.0,11003.876
000026.SZ,20240718,8.82,8.85,8.68,8.84,8.84,0.0,0.0,17639.0,15457.917
000026.SZ,20240717,8.89,8.91,8.78,8.84,8.91,-0.07,-0.7856,19337.0,17078.021
000026.SZ,20240716,8.98,8.98,8.83,8.91,8.98,-0.07,-0.7795,16124.0,14351.185
000026.SZ,20240715,9.03,9.03,8.9,8.98,9.03,-0.05,-0.5537,10448.0,9354.59
000026.SZ,20240712,9.08,9.11,8.98,9.03,9.06,-0.03,-0.3311,14711.0,13320.091
000026.SZ,20240711,8.9,9.07,8.88,9.06,8.83,0.23,2.6048,26267.83,23590.594
000026.SZ,20240710,8.83,8.88,8.78,8.83,8.84,-0.01,-0.1131,16522.82,14585.027
000026.SZ,20240709,8.65,8.86,8.6,8.84,8.68,0.16,1.8433,20608.02,18020.82
000026.SZ,20240708,8.89,8.89,8.61,8.68,8.88,-0.2,-2.2523,18112.0,15790.037
000026.SZ,20240705,8.79,8.88,8.66,8.88,8.8,0.08,0.9091,13821.0,12145.757
000026.SZ,20240704,8.98,9.04,8.73,8.8,9.03,-0.23,-2.5471,33712.0,29904.164
000026.SZ,20240703,8.93,9.32,8.92,9.03,8.9,0.13,1.4607,44018.0,40136.247
000026.SZ,20240702,8.83,9.04,8.83,8.9,8.83,0.07,0.7928,21698.0,19368.902
000026.SZ,20240701,8.76,8.84,8.66,8.83,8.81,0.02,0.227,16867.0,14794.85
000026.SZ,20240628,8.77,8.91,8.7,8.81,8.77,0.04,0.4561,33349.0,29390.87
000026.SZ,20240627,8.98,8.98,8.72,8.77,8.98,-0.21,-2.3385,18428.0,16262.356
000026.SZ,20240626,8.78,8.98,8.67,8.98,8.79,0.19,2.1615,17923.0,15899.232
000026.SZ,20240625,8.74,8.88,8.66,8.79,8.7,0.09,1.0345,20484.28,18001.244
000026.SZ,20240624,9.08,9.08,8.65,8.7,9.04,-0.34,-3.7611,24915.42,21867.174
000026.SZ,20240621,8.91,9.04,8.91,9.04,8.97,0.07,0.7804,10086.0,9073.023
000026.SZ,20240620,9.04,9.11,8.91,8.97,9.09,-0.12,-1.3201,17644.0,15867.156
000026.SZ,20240619,9.11,9.16,9.07,9.09,9.12,-0.03,-0.3289,15183.0,13816.229
000026.SZ,20240618,9.08,9.15,9.05,9.12,9.07,0.05,0.5513,15530.0,14147.404
000026.SZ,20240617,9.19,9.19,9.04,9.07,9.19,-0.12,-1.3058,19695.0,17874.769
000026.SZ,20240614,9.2,9.28,9.16,9.19,9.24,-0.05,-0.5411,20165.0,18556.839
000026.SZ,20240613,9.15,9.31,9.14,9.24,9.15,0.09,0.9836,28737.7,26541.366
000026.SZ,20240612,9.15,9.2,9.06,9.15,9.11,0.04,0.4391,29669.7,27076.369
000026.SZ,20240611,9.55,9.66,9.38,9.51,9.62,-0.11,-1.1435,41422.62,39261.971
000026.SZ,20240607,9.25,9.66,9.25,9.62,9.19,0.43,4.679,43597.0,41251.167
000026.SZ,20240606,9.45,9.45,9.18,9.19,9.36,-0.17,-1.8162,26843.7,24871.019
000026.SZ,20240605,9.61,9.62,9.36,9.36,9.58,-0.22,-2.2965,19398.0,18363.902
000026.SZ,20240604,9.53,9.59,9.39,9.58,9.43,0.15,1.5907,25851.0,24564.006
000026.SZ,20240603,9.68,9.68,9.37,9.43,9.71,-0.28,-2.8836,33854.0,32132.974
000026.SZ,20240531,9.7,9.75,9.55,9.71,9.7,0.01,0.1031,32502.0,31427.616
000026.SZ,20240530,9.74,9.8,9.63,9.7,9.79,-0.09,-0.9193,26348.0,25529.75
000026.SZ,20240529,9.76,9.83,9.67,9.79,9.76,0.03,0.3074,29833.0,29106.281
000026.SZ,20240528,9.91,9.92,9.7,9.76,9.9,-0.14,-1.4141,33751.0,33053.906
000026.SZ,20240527,9.88,9.93,9.7,9.9,9.81,0.09,0.9174,26148.0,25631.692
000026.SZ,20240524,9.95,10.0,9.81,9.81,9.95,-0.14,-1.407,23262.0,23043.687
000026.SZ,20240523,10.12,10.12,9.91,9.95,10.13,-0.18,-1.7769,38084.0,38108.52
000026.SZ,20240522,10.12,10.14,10.07,10.13,10.1,0.03,0.297,24641.0,24909.727
000026.SZ,20240521,10.22,10.22,10.05,10.1,10.22,-0.12,-1.1742,39868.96,40298.423
000026.SZ,20240520,10.17,10.24,10.15,10.22,10.2,0.02,0.1961,38627.0,39394.885
000026.SZ,20240517,10.17,10.22,10.05,10.2,10.18,0.02,0.1965,45034.29,45598.586
000026.SZ,20240516,10.2,10.25,10.13,10.18,10.2,-0.02,-0.1961,38669.28,39384.096
000026.SZ,20240515,10.23,10.29,10.12,10.2,10.24,-0.04,-0.3906,28978.67,29549.945
000026.SZ,20240514,10.07,10.27,10.06,10.24,10.08,0.16,1.5873,36853.67,37544.012
000026.SZ,20240513,10.15,10.17,9.96,10.08,10.19,-0.11,-1.0795,38470.99,38694.558
000026.SZ,20240510,10.33,10.33,10.14,10.19,10.27,-0.08,-0.779,42324.0,43151.525
000026.SZ,20240509,10.13,10.31,10.11,10.27,10.12,0.15,1.4822,42407.2,43365.779
000026.SZ,20240508,10.36,10.38,10.1,10.12,10.35,-0.23,-2.2222,50900.0,51941.147
000026.SZ,20240507,10.36,10.37,10.23,10.35,10.36,-0.01,-0.0965,36457.67,37568.783
000026.SZ,20240506,10.31,10.4,10.27,10.36,10.25,0.11,1.0732,48007.67,49597.678
000026.SZ,20240430,10.39,10.47,10.21,10.25,10.39,-0.14,-1.3474,43954.0,45230.617
000026.SZ,20240429,10.24,10.45,10.22,10.39,10.28,0.11,1.07,48675.0,50409.107
000026.SZ,20240426,10.22,10.32,10.1,10.28,10.2,0.08,0.7843,76109.33,77812.407
000026.SZ,20240425,10.39,10.39,10.09,10.2,10.87,-0.67,-6.1638,116719.62,118919.758
000026.SZ,20240424,10.83,10.89,10.71,10.87,10.88,-0.01,-0.0919,38841.0,42034.747
000026.SZ,20240423,10.7,10.94,10.69,10.88,10.77,0.11,1.0214,41469.67,44929.656
000026.SZ,20240422,10.79,10.89,10.62,10.77,10.71,0.06,0.5602,42341.0,45606.755
000026.SZ,20240419,10.7,10.82,10.63,10.71,10.69,0.02,0.1871,32152.67,34452.28
000026.SZ,20240418,10.61,10.87,10.6,10.69,10.66,0.03,0.2814,51977.7,55966.648
000026.SZ,20240417,10.12,10.68,10.04,10.66,10.03,0.63,6.2812,66297.67,69358.377
000026.SZ,20240416,10.58,10.58,9.96,10.03,10.63,-0.6,-5.6444,79887.36,81102.83
000026.SZ,20240415,10.75,10.78,10.35,10.63,10.84,-0.21,-1.9373,71815.0,75892.272
000026.SZ,20240412,10.75,10.95,10.72,10.84,10.76,0.08,0.7435,42548.0,46192.878
000026.SZ,20240411,10.67,10.84,10.64,10.76,10.76,0.0,0.0,38520.0,41458.868
000026.SZ,20240410,10.91,11.04,10.65,10.76,10.87,-0.11,-1.012,41057.0,44509.462
000026.SZ,20240409,10.68,10.93,10.65,10.87,10.71,0.16,1.4939,32238.0,34819.058
000026.SZ,20240408,10.86,10.97,10.71,10.71,10.95,-0.24,-2.1918,47873.33,51912.866
000026.SZ,20240403,10.88,11.04,10.83,10.95,10.89,0.06,0.551,37445.0,40980.238
000026.SZ,20240402,10.79,11.08,10.79,10.89,10.87,0.02,0.184,54475.67,59724.242
000026.SZ,20240401,10.63,10.89,10.63,10.87,10.63,0.24,2.2578,53318.6,57359.359
000026.SZ,20240329,10.47,10.69,10.46,10.63,10.46,0.17,1.6252,45916.0,48579.457
000026.SZ,20240328,10.35,10.62,10.32,10.46,10.35,0.11,1.0628,47223.67,49593.909
000026.SZ,20240327,10.63,10.65,10.33,10.35,10.6,-0.25,-2.3585,41013.0,43066.195
000026.SZ,20240326,10.5,10.66,10.41,10.6,10.46,0.14,1.3384,51061.02,53807.745
000026.SZ,20240325,10.8,10.85,10.46,10.46,10.86,-0.4,-3.6832,76021.7,80996.759
000026.SZ,20240322,10.89,11.08,10.68,10.86,10.87,-0.01,-0.092,74506.0,80907.535
000026.SZ,20240321,10.78,10.98,10.59,10.87,10.8,0.07,0.6481,76048.0,81835.399
000026.SZ,20240320,10.55,10.98,10.51,10.8,10.55,0.25,2.3697,78223.46,83987.615
000026.SZ,20240319,10.38,10.67,10.33,10.55,10.37,0.18,1.7358,82141.88,86582.798
000026.SZ,20240318,10.25,10.4,10.19,10.37,10.23,0.14,1.3685,68990.06,71000.113
000026.SZ,20240315,10.17,10.46,10.1,10.23,10.17,0.06,0.59,70125.8,71522.577
000026.SZ,20240314,10.21,10.38,10.07,10.17,9.99,0.18,1.8018,104378.62,106690.344
000026.SZ,20240313,9.97,10.07,9.78,9.99,9.98,0.01,0.1002,58781.0,58284.901
000026.SZ,20240312,9.82,9.98,9.74,9.98,9.8,0.18,1.8367,41060.8,40452.138
000026.SZ,20240311,9.69,9.84,9.65,9.8,9.73,0.07,0.7194,36762.1,35802.616
000026.SZ,20240308,9.77,9.82,9.62,9.73,9.66,0.07,0.7246,29785.0,28916.982
000026.SZ,20240307,9.66,9.86,9.62,9.66,9.64,0.02,0.2075,44034.0,42789.129
000026.SZ,20240306,9.56,9.74,9.49,9.64,9.55,0.09,0.9424,34821.0,33504.505
000026.SZ,20240305,9.58,9.68,9.51,9.55,9.68,-0.13,-1.343,30595.0,29360.873
000026.SZ,20240304,9.61,9.68,9.48,9.68,9.65,0.03,0.3109,40378.34,38707.89
000026.SZ,20240301,9.62,9.72,9.53,9.65,9.62,0.03,0.3119,42673.76,41050.033
000026.SZ,20240229,9.24,9.62,9.2,9.62,9.32,0.3,3.2189,58038.76,54836.43
000026.SZ,20240228,9.81,9.95,9.29,9.32,9.82,-0.5,-5.0916,88255.01,85166.868
000026.SZ,20240227,9.57,9.82,9.52,9.82,9.59,0.23,2.3983,43767.01,42375.746
000026.SZ,20240226,9.55,9.77,9.49,9.59,9.56,0.03,0.3138,48931.0,47167.661
000026.SZ,20240223,9.47,9.56,9.35,9.56,9.47,0.09,0.9504,44456.0,42091.536
000026.SZ,20240222,9.2,9.48,9.2,9.47,9.27,0.2,2.1575,42143.0,39432.585
000026.SZ,20240221,9.17,9.57,9.1,9.27,9.23,0.04,0.4334,53407.0,49943.98
000026.SZ,20240220,9.25,9.25,9.05,9.23,9.27,-0.04,-0.4315,38528.03,35284.776
000026.SZ,20240219,9.1,9.52,9.09,9.27,8.99,0.28,3.1146,96465.82,89363.887
000026.SZ,20240208,8.31,9.03,8.19,8.99,8.3,0.69,8.3133,115480.01,99441.102
000026.SZ,20240207,8.45,8.7,8.11,8.3,8.54,-0.24,-2.8103,106545.95,89408.554
000026.SZ,20240206,8.0,8.73,7.8,8.54,8.17,0.37,4.5288,95467.39,78506.739
000026.SZ,20240205,8.75,8.76,7.98,8.17,8.86,-0.69,-7.7878,105932.09,87246.283
000026.SZ,20240202,9.27,9.38,8.5,8.86,9.18,-0.32,-3.4858,71685.0,64515.762
000026.SZ,20240201,9.48,9.48,9.07,9.18,9.51,-0.33,-3.47,70538.79,65269.844
000026.SZ,20240131,10.04,10.07,9.46,9.51,10.08,-0.57,-5.6548,79198.79,77056.673
000026.SZ,20240130,10.38,10.48,10.0,10.08,10.36,-0.28,-2.7027,53753.82,55225.4
000026.SZ,20240129,10.55,10.89,10.35,10.36,10.55,-0.19,-1.8009,74508.0,79156.116
000026.SZ,20240126,10.74,10.81,10.52,10.55,10.7,-0.15,-1.4019,62707.0,66728.308
000026.SZ,20240125,10.18,10.9,10.14,10.7,10.13,0.57,5.6269,93772.64,99453.237
000026.SZ,20240124,9.82,10.14,9.67,10.13,9.8,0.33,3.3673,71414.0,70865.885
000026.SZ,20240123,9.8,9.95,9.48,9.8,9.81,-0.01,-0.1019,93044.98,90150.921
000026.SZ,20240122,10.51,10.71,9.78,9.81,10.51,-0.7,-6.6603,151655.52,155595.918
000026.SZ,20240119,10.2,11.25,10.16,10.51,10.23,0.28,2.737,155376.9,167302.497
000026.SZ,20240118,10.42,10.42,9.95,10.23,10.47,-0.24,-2.2923,52616.62,53360.914
000026.SZ,20240117,10.66,10.73,10.43,10.47,10.68,-0.21,-1.9663,33247.0,35267.482
000026.SZ,20240116,10.81,10.83,10.51,10.68,10.78,-0.1,-0.9276,30084.08,32083.189
000026.SZ,20240115,10.78,10.85,10.66,10.78,10.78,0.0,0.0,29041.3,31269.829
000026.SZ,20240112,10.83,11.0,10.76,10.78,10.88,-0.1,-0.9191,30132.99,32733.25
000026.SZ,20240111,10.69,10.94,10.66,10.88,10.71,0.17,1.5873,39699.0,42934.028
000026.SZ,20240110,10.71,10.8,10.53,10.71,10.72,-0.01,-0.0933,33654.0,35922.815
000026.SZ,20240109,10.54,10.75,10.51,10.72,10.56,0.16,1.5152,40538.0,43200.611
000026.SZ,20240108,10.83,10.83,10.5,10.56,10.82,-0.26,-2.403,39626.0,42194.698
000026.SZ,20240105,10.99,11.06,10.71,10.82,11.0,-0.18,-1.6364,38641.0,42199.934
000026.SZ,20240104,10.97,11.03,10.91,11.0,10.97,0.03,0.2735,34183.2,37521.702
000026.SZ,20240103,10.98,11.03,10.87,10.97,11.03,-0.06,-0.544,39098.0,42760.979
000026.SZ,20240102,10.96,11.12,10.95,11.03,10.96,0.07,0.6387,48927.92,54049.371
000026.SZ,20231229,10.92,10.99,10.82,10.96,10.94,0.02,0.1828,51603.0,56415.72
000026.SZ,20231228,10.95,11.02,10.81,10.94,10.95,-0.01,-0.0913,55321.98,60403.492
000026.SZ,20231227,10.88,11.09,10.84,10.95,10.96,-0.01,-0.0912,32438.01,35394.857
000026.SZ,20231226,11.13,11.13,10.92,10.96,11.12,-0.16,-1.4388,25865.0,28443.08
000026.SZ,20231225,11.2,11.28,10.98,11.12,11.25,-0.13,-1.1556,34128.0,37872.685
000026.SZ,20231222,11.42,11.43,11.21,11.25,11.43,-0.18,-1.5748,30993.0,35033.754
000026.SZ,20231221,11.33,11.45,11.14,11.43,11.3,0.13,1.1504,27945.25,31676.55
000026.SZ,20231220,11.47,11.49,11.29,11.3,11.46,-0.16,-1.3962,21782.0,24809.46
000026.SZ,20231219,11.49,11.55,11.35,11.46,11.44,0.02,0.1748,24634.0,28123.034
000026.SZ,20231218,11.55,11.62,11.38,11.44,11.59,-0.15,-1.2942,31597.0,36274.663
000026.SZ,20231215,11.75,11.75,11.55,11.59,11.69,-0.1,-0.8554,29913.0,34703.777
000026.SZ,20231214,11.68,11.85,11.63,11.69,11.64,0.05,0.4296,37699.08,44327.719
000026.SZ,20231213,11.82,11.82,11.62,11.64,11.85,-0.21,-1.7722,28938.36,33847.86
000026.SZ,20231212,11.62,11.93,11.55,11.85,11.63,0.22,1.8917,34739.0,40972.902
000026.SZ,20231211,11.48,11.65,11.43,11.63,11.53,0.1,0.8673,32191.0,37275.521
000026.SZ,20231208,11.82,11.84,11.5,11.53,11.8,-0.27,-2.2881,41969.0,48774.855
000026.SZ,20231207,11.79,11.85,11.65,11.8,11.8,0.0,0.0,33012.0,38810.18
000026.SZ,20231206,11.62,11.82,11.6,11.8,11.67,0.13,1.114,35034.0,41080.889
000026.SZ,20231205,11.8,11.81,11.63,11.67,11.84,-0.17,-1.4358,27705.0,32425.519
000026.SZ,20231204,11.85,11.95,11.78,11.84,11.89,-0.05,-0.4205,42824.0,50802.629
000026.SZ,20231201,11.73,11.9,11.67,11.89,11.74,0.15,1.2777,50625.0,59970.436
000026.SZ,20231130,11.99,11.99,11.63,11.74,11.87,-0.13,-1.0952,54379.0,63944.589
000026.SZ,20231129,12.04,12.08,11.8,11.87,12.01,-0.14,-1.1657,59414.22,70899.116
000026.SZ,20231128,11.99,12.08,11.91,12.01,12.03,-0.02,-0.1663,39286.52,47141.012
000026.SZ,20231127,12.17,12.18,11.98,12.03,12.11,-0.08,-0.6606,34929.0,42035.416
000026.SZ,20231124,12.18,12.4,12.07,12.11,12.2,-0.09,-0.7377,44582.0,54366.053
000026.SZ,20231123,12.16,12.24,12.09,12.2,12.16,0.04,0.3289,41557.0,50551.378
000026.SZ,20231122,12.23,12.3,12.14,12.16,12.25,-0.09,-0.7347,40159.0,49018.201
000026.SZ,20231121,12.36,12.38,12.19,12.25,12.32,-0.07,-0.5682,52464.0,64382.501
000026.SZ,20231120,12.05,12.41,12.04,12.32,12.11,0.21,1.7341,64327.0,78603.618
000026.SZ,20231117,11.95,12.15,11.8,12.11,11.94,0.17,1.4238,69839.0,83606.214
000026.SZ,20231116,12.24,12.29,11.85,11.94,12.27,-0.33,-2.6895,125939.6,151157.072
000026.SZ,20231115,12.34,12.45,12.24,12.27,12.34,-0.07,-0.5673,79168.01,97394.833
000026.SZ,20231114,12.5,12.65,11.99,12.34,12.31,0.03,0.2437,155023.07,190098.841
000026.SZ,20231113,12.21,12.53,11.87,12.31,12.19,0.12,0.9844,168392.73,205905.343
000026.SZ,20231110,11.64,12.58,11.48,12.19,11.7,0.49,4.188,235005.69,284892.836
000026.SZ,20231109,11.94,11.98,11.46,11.7,11.93,-0.23,-1.9279,130817.0,152201.066
000026.SZ,20231108,11.84,12.0,11.52,11.93,11.88,0.05,0.4209,246540.5,289229.853
000026.SZ,20231107,10.8,11.88,10.7,11.88,10.8,1.08,10.0,212865.03,244718.165
000026.SZ,20231106,10.73,10.81,10.64,10.8,10.66,0.14,1.3133,29933.0,32120.552
000026.SZ,20231103,10.54,10.71,10.42,10.66,10.55,0.11,1.0427,24212.98,25718.128
000026.SZ,20231102,10.64,10.68,10.5,10.55,10.65,-0.1,-0.939,29559.0,31210.695
000026.SZ,20231101,10.63,10.66,10.56,10.65,10.64,0.01,0.094,29570.63,31376.181
000026.SZ,20231031,10.62,10.66,10.54,10.64,10.59,0.05,0.4721,26372.0,27955.759
000026.SZ,20231030,10.49,10.6,10.4,10.59,10.48,0.11,1.0496,46487.8,48956.56
000026.SZ,20231027,10.25,10.5,10.19,10.48,10.28,0.2,1.9455,39526.33,41085.967
000026.SZ,20231026,10.18,10.29,10.09,10.28,10.24,0.04,0.3906,41317.71,42018.479
000026.SZ,20231025,10.21,10.36,10.12,10.24,10.19,0.05,0.4907,45060.14,46243.795
000026.SZ,20231024,10.15,10.25,9.96,10.19,10.15,0.04,0.3941,77654.77,78817.708
000026.SZ,20231023,10.61,10.67,10.02,10.15,10.69,-0.54,-5.0514,71175.34,72991.64
000026.SZ,20231020,10.78,10.79,10.63,10.69,10.75,-0.06,-0.5581,22006.2,23527.412
000026.SZ,20231019,10.85,10.87,10.7,10.75,10.85,-0.1,-0.9217,22013.0,23724.473
000026.SZ,20231018,11.06,11.06,10.79,10.85,11.07,-0.22,-1.9874,33851.71,36801.234
000026.SZ,20231017,11.14,11.14,10.94,11.07,11.08,-0.01,-0.0903,35033.0,38573.417
000026.SZ,20231016,11.0,11.17,10.97,11.08,11.04,0.04,0.3623,34076.18,37684.18
000026.SZ,20231013,11.27,11.27,10.94,11.04,11.27,-0.23,-2.0408,43314.0,47813.895
000026.SZ,20231012,11.21,11.31,11.2,11.27,11.23,0.04,0.3562,24861.0,27947.349
000026.SZ,20231011,11.23,11.31,11.16,11.23,11.18,0.05,0.4472,34961.61,39225.858
000026.SZ,20231010,11.28,11.33,11.11,11.18,11.3,-0.12,-1.0619,37434.0,41884.916
000026.SZ,20231009,11.59,11.64,11.2,11.3,11.66,-0.36,-3.0875,58504.78,66188.922
000026.SZ,20230928,11.49,11.66,11.42,11.66,11.45,0.21,1.8341,31002.99,35921.814
000026.SZ,20230927,11.53,11.55,11.39,11.45,11.5,-0.05,-0.4348,28570.0,32700.912
000026.SZ,20230926,11.61,11.61,11.42,11.5,11.56,-0.06,-0.519,23411.37,26902.506
000026.SZ,20230925,11.6,11.68,11.52,11.56,11.63,-0.07,-0.6019,16384.39,18954.772
000026.SZ,20230922,11.46,11.66,11.35,11.63,11.47,0.16,1.3949,22896.06,26425.111
000026.SZ,20230921,11.5,11.54,11.36,11.47,11.53,-0.06,-0.5204,18012.0,20630.462
000026.SZ,20230920,11.55,11.64,11.49,11.53,11.6,-0.07,-0.6034,19150.0,22113.052
000026.SZ,20230919,11.78,11.78,11.56,11.6,11.75,-0.15,-1.2766,18078.37,21009.873
000026.SZ,20230918,11.71,11.79,11.57,11.75,11.65,0.1,0.8584,28968.36,33819.204
000026.SZ,20230915,11.65,11.76,11.55,11.65,11.6,0.05,0.431,30933.0,36043.222
000026.SZ,20230914,11.59,11.67,11.51,11.6,11.65,-0.05,-0.4292,25024.0,29007.531
000026.SZ,20230913,11.79,11.79,11.54,11.65,11.76,-0.11,-0.9354,18151.91,21147.139
000026.SZ,20230912,11.81,11.85,11.7,11.76,11.81,-0.05,-0.4234,29885.01,35187.713
000026.SZ,20230911,11.74,11.85,11.64,11.81,11.75,0.06,0.5106,30278.0,35585.784
000026.SZ,20230908,11.7,11.82,11.66,11.75,11.79,-0.04,-0.3393,27045.0,31714.887
000026.SZ,20230907,11.92,11.94,11.74,11.79,11.92,-0.13,-1.0906,24326.79,28808.547
000026.SZ,20230906,11.87,11.92,11.76,11.92,11.85,0.07,0.5907,29604.02,35127.488
000026.SZ,20230905,11.94,11.98,11.79,11.85,11.97,-0.12,-1.0025,31146.01,36900.517
000026.SZ,20230904,11.65,12.0,11.63,11.97,11.63,0.34,2.9235,57256.0,67979.035
000026.SZ,20230901,11.48,11.65,11.46,11.63,11.51,0.12,1.0426,25171.86,29129.419
000026.SZ,20230831,11.56,11.62,11.44,11.51,11.6,-0.09,-0.7759,24478.0,28183.764
000026.SZ,20230830,11.49,11.67,11.46,11.6,11.51,0.09,0.7819,33059.0,38281.147
000026.SZ,20230829,11.25,11.51,11.15,11.51,11.26,0.25,2.2202,38856.0,44291.239
000026.SZ,20230828,11.5,11.56,11.23,11.26,10.97,0.29,2.6436,77090.0,88077.451
000026.SZ,20230825,11.23,11.23,10.91,10.97,11.19,-0.22,-1.966,42389.01,46790.601
000026.SZ,20230824,11.3,11.33,11.0,11.19,11.3,-0.11,-0.9735,47041.8,52651.955
000026.SZ,20230823,11.36,11.48,11.2,11.3,11.22,0.08,0.713,55881.0,63542.361
000026.SZ,20230822,11.33,11.33,11.03,11.22,11.24,-0.02,-0.1779,32079.02,35781.923
000026.SZ,20230821,11.28,11.43,11.22,11.24,11.28,-0.04,-0.3546,20194.0,22845.229
000026.SZ,20230818,11.48,11.55,11.25,11.28,11.5,-0.22,-1.913,21347.0,24285.665
000026.SZ,20230817,11.29,11.5,11.18,11.5,11.29,0.21,1.8601,21158.0,24051.253
000026.SZ,20230816,11.31,11.4,11.24,11.29,11.38,-0.09,-0.7909,21017.0,23755.661
000026.SZ,20230815,11.31,11.42,11.25,11.38,11.3,0.08,0.708,29798.0,33832.818
000026.SZ,20230814,11.29,11.37,11.14,11.3,11.34,-0.04,-0.3527,28602.01,32233.166
000026.SZ,20230811,11.53,11.65,11.31,11.34,11.58,-0.24,-2.0725,34128.0,39037.45
000026.SZ,20230810,11.61,11.65,11.53,11.58,11.58,0.0,0.0,26256.0,30426.683
000026.SZ,20230809,11.79,11.84,11.56,11.58,11.85,-0.27,-2.2785,35837.0,41704.769
000026.SZ,20230808,11.78,11.88,11.62,11.85,11.76,0.09,0.7653,36225.8,42703.665
000026.SZ,20230807,12.0,12.05,11.71,11.76,12.05,-0.29,-2.4066,44150.0,52167.016
000026.SZ,20230804,12.18,12.26,12.0,12.05,12.18,-0.13,-1.0673,43228.0,52243.075
000026.SZ,20230803,12.16,12.26,12.07,12.18,12.26,-0.08,-0.6525,25915.0,31462.777
000026.SZ,20230802,12.23,12.35,12.14,12.26,12.34,-0.08,-0.6483,37230.0,45505.909
000026.SZ,20230801,12.35,12.69,12.27,12.34,12.37,-0.03,-0.2425,58426.0,72416.269
000026.SZ,20230731,12.22,12.4,12.17,12.37,12.19,0.18,1.4766,44404.0,54509.438
000026.SZ,20230728,11.95,12.22,11.92,12.19,12.09,0.1,0.8271,32395.0,39244.975
000026.SZ,20230727,12.17,12.19,12.01,12.09,12.14,-0.05,-0.4119,27525.0,33250.276
000026.SZ,20230726,12.24,12.24,12.05,12.14,12.21,-0.07,-0.5733,27560.0,33395.533
000026.SZ,20230725,12.08,12.23,12.04,12.21,11.98,0.23,1.9199,32779.0,39850.098
000026.SZ,20230724,12.0,12.07,11.86,11.98,11.97,0.01,0.0835,21793.8,26115.931
000026.SZ,20230721,12.01,12.15,11.93,11.97,12.05,-0.08,-0.6639,29437.0,35382.821
000026.SZ,20230720,12.27,12.3,12.0,12.05,12.22,-0.17,-1.3912,32516.02,39348.656
000026.SZ,20230719,12.07,12.34,12.01,12.22,12.06,0.16,1.3267,42097.0,51495.72
000026.SZ,20230718,12.13,12.13,11.99,12.06,12.14,-0.08,-0.659,17946.0,21618.114
000026.SZ,20230717,12.14,12.21,11.89,12.14,12.16,-0.02,-0.1645,25481.0,30617.394
000026.SZ,20230714,12.23,12.24,12.0,12.16,12.11,0.05,0.4129,31747.62,38498.005
000026.SZ,20230713,11.95,12.15,11.93,12.11,11.95,0.16,1.3389,28987.0,35031.796
000026.SZ,20230712,12.19,12.26,11.89,11.95,12.19,-0.24,-1.9688,28147.0,33947.027
000026.SZ,20230711,11.98,12.2,11.88,12.19,11.94,0.25,2.0938,34760.0,41980.234
000026.SZ,20230710,11.97,12.1,11.87,11.94,11.97,-0.03,-0.2506,20772.0,24789.304
000026.SZ,20230707,12.08,12.08,11.83,11.97,12.08,-0.11,-0.9106,25183.0,30122.577
000026.SZ,20230706,12.03,12.14,11.96,12.08,12.07,0.01,0.0829,22828.0,27524.741
000026.SZ,20230705,12.11,12.15,12.0,12.07,12.14,-0.07,-0.5766,23879.0,28831.579
000026.SZ,20230704,12.14,12.23,12.05,12.14,12.14,0.0,0.0,23871.2,28957.889
000026.SZ,20230703,12.06,12.18,12.0,12.14,12.06,0.08,0.6633,35529.0,42977.153
000026.SZ,20230630,12.01,12.19,11.93,12.06,11.94,0.12,1.005,34885.0,42150.479
000026.SZ,20230629,11.74,12.02,11.66,11.94,11.74,0.2,1.7036,39691.0,47290.255
000026.SZ,20230628,11.78,11.83,11.49,11.74,11.8,-0.06,-0.5085,33972.91,39647.701
000026.SZ,20230627,11.41,11.84,11.41,11.8,11.35,0.45,3.9648,44131.0,51753.402
000026.SZ,20230626,11.6,11.64,11.28,11.35,11.6,-0.25,-2.1552,36831.2,42115.0
000026.SZ,20230621,11.89,11.89,11.59,11.6,11.86,-0.26,-2.1922,33149.78,38739.56
000026.SZ,20230620,12.05,12.05,11.79,11.86,11.98,-0.12,-1.0017,38158.81,45225.472
000026.SZ,20230619,12.1,12.13,11.86,11.98,12.2,-0.22,-1.8033,54945.0,65667.115
000026.SZ,20230616,12.06,12.4,11.96,12.2,11.95,0.25,2.0921,64741.18,78821.084
000026.SZ,20230615,12.1,12.14,11.88,11.95,12.01,-0.06,-0.4996,36691.0,43884.683
000026.SZ,20230614,12.2,12.35,12.12,12.26,12.16,0.1,0.8224,36725.91,44957.659
000026.SZ,20230613,12.14,12.24,12.06,12.16,12.09,0.07,0.579,29176.8,35438.33
000026.SZ,20230612,12.2,12.24,12.04,12.09,12.18,-0.09,-0.7389,34108.01,41377.2
000026.SZ,20230609,12.18,12.33,12.1,12.18,12.18,0.0,0.0,29018.91,35437.716
000026.SZ,20230608,12.36,12.36,12.1,12.18,12.35,-0.17,-1.3765,34677.1,42277.382
000026.SZ,20230607,12.33,12.39,12.11,12.35,12.24,0.11,0.8987,37302.01,45724.773
000026.SZ,20230606,12.7,12.77,12.18,12.24,12.67,-0.43,-3.3938,90570.4,112856.66
000026.SZ,20230605,12.42,12.78,12.4,12.67,12.37,0.3,2.4252,74336.39,94044.777
000026.SZ,20230602,12.43,12.5,12.3,12.37,12.42,-0.05,-0.4026,70825.0,87846.325
000026.SZ,20230601,12.01,12.57,11.88,12.42,12.03,0.39,3.2419,108076.58,133113.862
000026.SZ,20230531,11.68,12.22,11.68,12.03,11.75,0.28,2.383,65913.4,79258.914
000026.SZ,20230530,11.62,11.76,11.54,11.75,11.62,0.13,1.1188,30146.0,35207.501
000026.SZ,20230529,11.64,11.78,11.55,11.62,11.55,0.07,0.6061,32674.0,38081.349
000026.SZ,20230526,11.55,11.62,11.31,11.55,11.52,0.03,0.2604,25212.0,28960.085
000026.SZ,20230525,11.44,11.56,11.35,11.52,11.45,0.07,0.6114,32446.38,37147.004
000026.SZ,20230524,11.55,11.61,11.43,11.45,11.6,-0.15,-1.2931,26546.12,30565.142
000026.SZ,20230523,11.74,11.78,11.55,11.6,11.75,-0.15,-1.2766,24942.38,29099.952
000026.SZ,20230522,11.9,11.9,11.66,11.75,11.9,-0.15,-1.2605,33645.82,39495.357
000026.SZ,20230519,12.03,12.03,11.84,11.9,12.01,-0.11,-0.9159,33059.39,39386.827
000026.SZ,20230518,12.08,12.08,11.97,12.01,12.01,0.0,0.0,33011.38,39686.589
000026.SZ,20230517,11.92,12.08,11.81,12.01,11.9,0.11,0.9244,29955.92,35870.076
000026.SZ,20230516,12.18,12.18,11.85,11.9,12.13,-0.23,-1.8961,40503.01,48437.663
000026.SZ,20230515,12.24,12.25,11.85,12.13,12.25,-0.12,-0.9796,74581.34,89488.289
000026.SZ,20230512,12.26,12.41,12.1,12.25,12.25,0.0,0.0,84809.65,104179.424
000026.SZ,20230511,12.1,12.33,12.01,12.25,12.06,0.19,1.5755,124394.0,152074.836
000026.SZ,20230510,11.74,12.43,11.68,12.06,11.74,0.32,2.7257,158684.37,192380.169
000026.SZ,20230509,11.74,11.95,11.64,11.74,11.76,-0.02,-0.1701,71099.74,83951.273
000026.SZ,20230508,11.75,11.8,11.61,11.76,11.75,0.01,0.0851,59681.07,69791.931
000026.SZ,20230505,11.86,11.86,11.67,11.75,11.85,-0.1,-0.8439,40385.7,47423.665
000026.SZ,20230504,11.83,11.87,11.69,11.85,11.76,0.09,0.7653,54714.19,64501.86
000026.SZ,20230428,11.6,11.83,11.58,11.76,11.62,0.14,1.2048,58711.0,68828.348
000026.SZ,20230427,11.45,11.69,11.34,11.62,11.45,0.17,1.4847,58455.02,67546.668
000026.SZ,20230426,11.21,11.55,11.03,11.45,11.21,0.24,2.1409,54863.0,62336.735
000026.SZ,20230425,11.25,11.4,10.9,11.21,11.14,0.07,0.6284,59916.01,66870.049
000026.SZ,20230424,11.4,11.4,10.95,11.14,11.33,-0.19,-1.677,40764.0,45159.212
000026.SZ,20230421,11.47,11.57,11.25,11.33,11.47,-0.14,-1.2206,34507.0,39303.081
000026.SZ,20230420,11.42,11.47,11.29,11.47,11.46,0.01,0.0873,34340.0,39047.37
000026.SZ,20230419,11.36,11.5,11.27,11.46,11.4,0.06,0.5263,39525.68,45104.513
